CustomerID,Recency,Frequency,Monetary,CustomerSegment,ChurnRisk
12346.0,325,2,0.0,Low Value,High Risk
12347.0,1,7,4310.0,High Value,Low Risk
12348.0,74,4,1797.24,High Value,Medium Risk
12349.0,18,1,1757.55,High Value,Low Risk
12350.0,309,1,334.4,Low Value,High Risk
12352.0,35,11,1545.41,High Value,Medium Risk
12353.0,203,1,89.0,Low Value,High Risk
12354.0,231,1,1079.4,Medium Value,High Risk
12355.0,213,1,459.4,Medium Value,High Risk
12356.0,22,3,2811.43,High Value,Low Risk
12357.0,32,1,6207.67,High Value,Medium Risk
12358.0,1,2,1168.06,High Value,Low Risk
12359.0,7,6,6182.9800000000005,High Value,Low Risk
12360.0,51,3,2662.06,High Value,Medium Risk
12361.0,286,1,189.9,Low Value,High Risk
12362.0,2,13,5154.58,High Value,Low Risk
12363.0,109,2,552.0,Medium Value,High Risk
12364.0,7,4,1313.1,High Value,Low Risk
12365.0,290,3,320.69,Low Value,High Risk
12367.0,3,1,168.9,Low Value,Low Risk
12370.0,50,4,3541.94,High Value,Medium Risk
12371.0,44,2,1887.96,High Value,Medium Risk
12372.0,71,3,1298.04,High Value,Medium Risk
12373.0,310,1,364.6,Low Value,High Risk
12374.0,24,1,742.9300000000001,Medium Value,Low Risk
12375.0,2,3,455.42,Medium Value,Low Risk
12377.0,314,2,1628.12,High Value,High Risk
12378.0,129,1,4008.62,High Value,High Risk
12379.0,81,3,850.29,Medium Value,Medium Risk
12380.0,21,5,2720.56,High Value,Low Risk
12381.0,4,6,1803.96,High Value,Low Risk
12383.0,184,6,1839.31,High Value,High Risk
12384.0,28,3,566.16,Medium Value,Low Risk
12386.0,337,2,401.9,Medium Value,High Risk
12388.0,15,6,2780.66,High Value,Low Risk
12390.0,79,1,549.84,Medium Value,Medium Risk
12391.0,21,1,439.66,Medium Value,Low Risk
12393.0,71,4,1582.6000000000001,High Value,Medium Risk
12394.0,63,2,1272.48,High Value,Medium Risk
12395.0,15,15,2998.28,High Value,Low Risk
12397.0,35,2,2409.9,High Value,Medium Risk
12398.0,45,1,1635.6599999999999,High Value,Medium Risk
12399.0,118,4,1108.65,Medium Value,High Risk
12401.0,302,1,84.3,Low Value,High Risk
12402.0,322,1,225.6,Low Value,High Risk
12403.0,49,2,409.7,Medium Value,Medium Risk
12405.0,148,1,1710.39,High Value,High Risk
12406.0,21,3,3280.75,High Value,Low Risk
12407.0,49,5,1708.1200000000001,High Value,Medium Risk
12408.0,32,9,2842.57,High Value,Medium Risk
12409.0,78,7,11056.93,High Value,Medium Risk
12410.0,300,3,681.0799999999999,Medium Value,High Risk
12412.0,74,3,1226.88,High Value,Medium Risk
12413.0,66,5,694.15,Medium Value,Medium Risk
12414.0,216,3,562.41,Medium Value,High Risk
12415.0,23,26,123725.45,High Value,Low Risk
12417.0,2,12,3578.8,High Value,Low Risk
12418.0,112,1,668.58,Medium Value,High Risk
12420.0,63,1,600.39,Medium Value,Medium Risk
12421.0,15,5,806.27,Medium Value,Low Risk
12422.0,95,3,803.5600000000001,Medium Value,High Risk
12423.0,0,9,1849.11,High Value,Low Risk
12424.0,162,2,1760.96,High Value,High Risk
12425.0,77,1,777.2,Medium Value,Medium Risk
12426.0,194,1,582.73,Medium Value,High Risk
12427.0,11,5,708.37,Medium Value,Low Risk
12428.0,25,12,7877.2,High Value,Low Risk
12429.0,8,4,3750.4,High Value,Low Risk
12430.0,42,1,256.4,Low Value,Medium Risk
12431.0,35,18,6348.89,High Value,Medium Risk
12432.0,42,5,5059.32,High Value,Medium Risk
12433.0,0,7,13375.87,High Value,Low Risk
12434.0,84,4,765.19,Medium Value,Medium Risk
12435.0,79,2,7829.89,High Value,Medium Risk
12436.0,99,1,509.01,Medium Value,High Risk
12437.0,1,19,4896.66,High Value,Low Risk
12438.0,13,2,2906.85,High Value,Low Risk
12441.0,366,1,173.55,Low Value,
12442.0,2,1,172.06,Low Value,Low Risk
12444.0,20,5,5005.46,High Value,Low Risk
12445.0,21,1,133.4,Low Value,Low Risk
12446.0,57,1,1002.3100000000001,Medium Value,Medium Risk
12447.0,242,1,476.49,Medium Value,High Risk
12448.0,43,1,449.45,Medium Value,Medium Risk
12449.0,21,4,4067.29,High Value,Low Risk
12450.0,155,2,197.88,Low Value,High Risk
12451.0,10,6,8933.52,High Value,Low Risk
12452.0,16,3,428.57,Medium Value,Low Risk
12453.0,133,1,707.09,Medium Value,High Risk
12454.0,52,2,5.684341886080802e-14,Low Value,Medium Risk
12455.0,72,6,2466.86,High Value,Medium Risk
12456.0,43,4,3153.89,High Value,Medium Risk
12457.0,57,12,1917.78,High Value,Medium Risk
12458.0,70,2,947.4,Medium Value,Medium Risk
12461.0,93,2,826.88,Medium Value,High Risk
12462.0,1,4,1124.01,Medium Value,Low Risk
12463.0,45,7,1303.63,High Value,Medium Risk
12464.0,9,8,1212.05,High Value,Low Risk
12465.0,7,3,733.89,Medium Value,Low Risk
12468.0,142,3,724.0400000000001,Medium Value,High Risk
12471.0,1,49,18705.52,High Value,Low Risk
12472.0,30,13,6229.48,High Value,Low Risk
12473.0,28,9,2837.73,High Value,Low Risk
12474.0,16,30,7064.7699999999995,High Value,Low Risk
12475.0,53,1,723.38,Medium Value,Medium Risk
12476.0,0,20,6546.58,High Value,Low Risk
12477.0,22,9,13117.01,High Value,Low Risk
12478.0,3,1,680.99,Medium Value,Low Risk
12479.0,3,3,477.3,Medium Value,Low Risk
12480.0,27,4,3281.63,High Value,Low Risk
12481.0,22,11,5574.36,High Value,Low Risk
12483.0,16,13,2327.13,High Value,Low Risk
12484.0,32,8,4480.87,High Value,Medium Risk
12488.0,9,3,1298.66,High Value,Low Risk
12489.0,335,1,334.93,Low Value,High Risk
12490.0,4,10,5417.93,High Value,Low Risk
12491.0,38,1,460.40000000000003,Medium Value,Medium Risk
12492.0,62,2,263.21000000000004,Low Value,Medium Risk
12493.0,165,3,416.79,Medium Value,High Risk
12494.0,9,13,1139.3500000000001,Medium Value,Low Risk
12497.0,81,1,1043.1,Medium Value,Medium Risk
12498.0,20,3,403.70000000000005,Medium Value,Low Risk
12500.0,22,13,4206.27,High Value,Low Risk
12501.0,314,2,2089.68,High Value,High Risk
12502.0,95,5,3723.87,High Value,High Risk
12503.0,337,1,-1126.0,Low Value,High Risk
12504.0,17,4,114.0,Low Value,Low Risk
12505.0,300,1,-4.5,Low Value,High Risk
12506.0,232,1,73.5,Low Value,High Risk
12507.0,133,4,1258.06,High Value,High Risk
12508.0,25,2,397.88,Medium Value,Low Risk
12509.0,283,1,176.5,Low Value,High Risk
12510.0,142,2,982.5699999999999,Medium Value,High Risk
12512.0,65,2,132.18,Low Value,Medium Risk
12513.0,84,2,586.79,Medium Value,Medium Risk
12514.0,266,1,1017.68,Medium Value,High Risk
12515.0,352,1,383.7,Medium Value,High Risk
12516.0,77,2,1312.06,High Value,Medium Risk
12517.0,27,6,2443.65,High Value,Low Risk
12518.0,0,5,2056.89,High Value,Low Risk
12519.0,63,1,330.84,Low Value,Medium Risk
12520.0,78,6,2582.51,High Value,Medium Risk
12521.0,142,1,599.68,Medium Value,High Risk
12522.0,38,2,192.72,Low Value,Medium Risk
12523.0,1,13,1745.57,High Value,Low Risk
12524.0,8,8,4485.72,High Value,Low Risk
12526.0,0,3,1316.66,High Value,Low Risk
12527.0,81,3,348.71000000000004,Low Value,Medium Risk
12528.0,8,8,1922.28,High Value,Low Risk
12530.0,59,5,1623.63,High Value,Medium Risk
12531.0,14,1,125.22,Low Value,Low Risk
12532.0,29,1,349.83000000000004,Low Value,Low Risk
12534.0,130,1,1089.18,Medium Value,High Risk
12535.0,91,2,716.35,Medium Value,High Risk
12536.0,7,5,4106.82,High Value,Low Risk
12538.0,28,1,363.95,Low Value,Low Risk
12539.0,21,5,3852.5,High Value,Low Risk
12540.0,19,19,13309.039999999999,High Value,Low Risk
12541.0,29,3,981.18,Medium Value,Low Risk
12544.0,29,2,355.7,Low Value,Low Risk
12545.0,74,2,1000.39,Medium Value,Medium Risk
12546.0,46,3,1141.5,High Value,Medium Risk
12547.0,197,2,207.79999999999998,Low Value,High Risk
12548.0,165,1,95.19999999999999,Low Value,High Risk
12550.0,78,1,964.83,Medium Value,Medium Risk
12551.0,357,1,168.0,Low Value,High Risk
12552.0,38,2,437.82,Medium Value,Medium Risk
12553.0,7,14,3652.25,High Value,Low Risk
12556.0,49,2,599.56,Medium Value,Medium Risk
12557.0,15,5,11990.960000000001,High Value,Low Risk
12558.0,1,2,1.0658141036401503e-14,Low Value,Low Risk
12559.0,310,3,536.21,Medium Value,High Risk
12560.0,4,4,2101.39,High Value,Low Risk
12561.0,302,1,238.85,Low Value,High Risk
12562.0,7,7,3781.7400000000002,High Value,Low Risk
12564.0,260,1,456.9,Medium Value,High Risk
12565.0,281,2,131.17,Low Value,High Risk
12566.0,72,2,346.7,Low Value,Medium Risk
12567.0,22,11,9114.94,High Value,Low Risk
12569.0,1,35,4064.9900000000002,High Value,Low Risk
12571.0,39,2,519.61,Medium Value,Medium Risk
12572.0,8,3,1004.72,Medium Value,Low Risk
12573.0,226,1,160.54000000000002,Low Value,High Risk
12574.0,315,1,218.45,Low Value,High Risk
12576.0,35,6,1306.98,High Value,Medium Risk
12577.0,34,4,564.2,Medium Value,Medium Risk
12578.0,20,4,2753.36,High Value,Low Risk
12579.0,72,3,410.72,Medium Value,Medium Risk
12580.0,246,1,415.7,Medium Value,High Risk
12581.0,39,1,197.71,Low Value,Medium Risk
12582.0,238,2,511.36,Medium Value,High Risk
12583.0,2,18,7187.34,High Value,Low Risk
12584.0,3,18,1893.95,High Value,Low Risk
12585.0,233,4,1982.81,High Value,High Risk
12586.0,16,2,179.94000000000003,Low Value,Low Risk
12587.0,7,1,144.0,Low Value,Low Risk
12588.0,38,1,214.89999999999998,Low Value,Medium Risk
12589.0,28,2,646.68,Medium Value,Low Risk
12590.0,189,3,9861.38,High Value,High Risk
12591.0,316,1,452.84999999999997,Medium Value,High Risk
12592.0,91,2,437.6,Medium Value,High Risk
12593.0,108,3,418.09999999999997,Medium Value,High Risk
12594.0,37,11,3320.2200000000003,High Value,Medium Risk
12596.0,50,2,618.27,Medium Value,Medium Risk
12597.0,18,5,3683.13,High Value,Low Risk
12598.0,9,9,3002.68,High Value,Low Risk
12599.0,28,7,1032.58,Medium Value,Low Risk
12600.0,28,11,2581.04,High Value,Low Risk
12601.0,189,6,569.5600000000001,Medium Value,High Risk
12602.0,58,1,153.12,Low Value,Medium Risk
12603.0,21,1,739.1999999999999,Medium Value,Low Risk
12604.0,78,2,254.18,Low Value,Medium Risk
12605.0,364,1,-7.5,Low Value,High Risk
12607.0,57,2,3.552713678800501e-15,Low Value,Medium Risk
12609.0,77,3,1126.85,Medium Value,Medium Risk
12610.0,22,7,2057.99,High Value,Low Risk
12611.0,51,1,1193.32,High Value,Medium Risk
12612.0,57,2,643.59,Medium Value,Medium Risk
12613.0,30,6,3218.98,High Value,Low Risk
12614.0,277,1,315.6,Low Value,High Risk
12615.0,1,4,2291.19,High Value,Low Risk
12616.0,84,5,657.25,Medium Value,Medium Risk
12617.0,28,1,352.98,Low Value,Low Risk
12618.0,21,1,177.31,Low Value,Low Risk
12619.0,15,13,3214.81,High Value,Low Risk
12620.0,14,3,1339.41,High Value,Low Risk
12621.0,1,23,13612.07,High Value,Low Risk
12622.0,231,1,180.1,Low Value,High Risk
12623.0,275,1,305.1,Low Value,High Risk
12624.0,105,2,641.13,Medium Value,High Risk
12625.0,211,3,2614.32,High Value,High Risk
12626.0,22,13,6388.35,High Value,Low Risk
12627.0,10,7,4478.53,High Value,Low Risk
12628.0,3,4,769.61,Medium Value,Low Risk
12630.0,9,2,1270.88,High Value,Low Risk
12631.0,56,1,640.5,Medium Value,Medium Risk
12633.0,58,5,2140.63,High Value,Medium Risk
12635.0,89,2,1689.18,High Value,Medium Risk
12637.0,66,10,5934.25,High Value,Medium Risk
12638.0,32,1,671.69,Medium Value,Medium Risk
12639.0,238,1,486.1,Medium Value,High Risk
12640.0,23,3,1174.58,High Value,Low Risk
12641.0,114,1,185.9,Low Value,High Risk
12642.0,24,3,1013.26,Medium Value,Low Risk
12643.0,127,6,3344.64,High Value,High Risk
12644.0,129,1,477.91,Medium Value,High Risk
12645.0,33,5,1755.38,High Value,Medium Risk
12646.0,4,2,1346.97,High Value,Low Risk
12647.0,21,13,3669.92,High Value,Low Risk
12648.0,154,1,318.05,Low Value,High Risk
12649.0,106,4,603.71,Medium Value,High Risk
12650.0,2,1,314.44,Low Value,Low Risk
12651.0,334,1,114.0,Low Value,High Risk
12652.0,321,2,914.53,Medium Value,High Risk
12653.0,148,2,2209.85,High Value,High Risk
12654.0,10,5,601.98,Medium Value,Low Risk
12656.0,16,8,3982.72,High Value,Low Risk
12657.0,10,5,1152.06,High Value,Low Risk
12658.0,18,1,686.05,Medium Value,Low Risk
12659.0,29,1,91.68,Low Value,Low Risk
12660.0,10,1,245.1,Low Value,Low Risk
12662.0,0,12,3817.08,High Value,Low Risk
12664.0,7,10,4863.88,High Value,Low Risk
12665.0,324,2,61.75,Low Value,High Risk
12666.0,358,1,-227.44,Low Value,High Risk
12667.0,57,1,620.13,Medium Value,Medium Risk
12668.0,6,6,3743.18,High Value,Low Risk
12669.0,150,4,1607.73,High Value,High Risk
12670.0,9,6,2986.15,High Value,Low Risk
12672.0,329,1,225.89999999999998,Low Value,High Risk
12673.0,4,2,610.52,Medium Value,Low Risk
12674.0,11,7,1922.26,High Value,Low Risk
12676.0,24,6,1331.39,High Value,Low Risk
12678.0,41,13,17588.26,High Value,Medium Risk
12679.0,51,9,1058.67,Medium Value,Medium Risk
12680.0,0,4,862.81,Medium Value,Low Risk
12681.0,14,27,13677.59,High Value,Low Risk
12682.0,3,31,12279.82,High Value,Low Risk
12683.0,3,20,8221.09,High Value,Low Risk
12684.0,7,7,2283.63,High Value,Low Risk
12685.0,27,6,2863.08,High Value,Low Risk
12686.0,371,1,89.14,Low Value,
12688.0,113,1,4873.8099999999995,High Value,High Risk
12689.0,25,2,1247.61,High Value,Low Risk
12690.0,205,1,389.01,Medium Value,High Risk
12691.0,27,6,1035.8,Medium Value,Low Risk
12693.0,120,6,830.96,Medium Value,High Risk
12694.0,69,2,869.67,Medium Value,Medium Risk
12695.0,6,4,582.1,Medium Value,Low Risk
12697.0,20,5,939.02,Medium Value,Low Risk
12700.0,7,6,4867.99,High Value,Low Risk
12701.0,79,2,797.71,Medium Value,Medium Risk
12702.0,19,1,219.0,Low Value,Low Risk
12703.0,63,2,274.7,Low Value,Medium Risk
12704.0,6,10,2220.84,High Value,Low Risk
12705.0,14,14,6814.24,High Value,Low Risk
12707.0,291,1,603.42,Medium Value,High Risk
12708.0,29,16,2616.32,High Value,Low Risk
12709.0,2,26,9264.1,High Value,Low Risk
12710.0,96,4,1130.57,Medium Value,High Risk
12712.0,22,17,4241.63,High Value,Low Risk
12713.0,0,1,848.55,Medium Value,Low Risk
12714.0,8,5,4708.86,High Value,Low Risk
12715.0,105,1,343.36,Low Value,High Risk
12716.0,3,2,1053.49,Medium Value,Low Risk
12717.0,150,3,980.98,Medium Value,High Risk
12718.0,70,1,238.25,Low Value,Medium Risk
12719.0,4,3,608.1,Medium Value,Low Risk
12720.0,2,29,5713.28,High Value,Low Risk
12721.0,31,7,2628.98,High Value,Medium Risk
12722.0,84,6,904.33,Medium Value,Medium Risk
12723.0,3,5,725.07,Medium Value,Low Risk
12724.0,4,4,1031.41,Medium Value,Low Risk
12725.0,370,1,427.8,Medium Value,
12726.0,27,7,2609.1,High Value,Low Risk
12727.0,10,9,3947.7,High Value,Low Risk
12728.0,70,4,836.33,Medium Value,Medium Risk
12729.0,113,1,453.01,Medium Value,High Risk
12731.0,23,14,18793.41,High Value,Low Risk
12732.0,179,1,236.26000000000002,Low Value,High Risk
12733.0,233,1,383.95,Medium Value,High Risk
12734.0,352,1,110.39999999999999,Low Value,High Risk
12735.0,314,2,779.5699999999999,Medium Value,High Risk
12736.0,332,1,234.0,Low Value,High Risk
12738.0,371,1,155.35,Low Value,
12739.0,77,2,1013.04,Medium Value,Medium Risk
12740.0,63,1,427.6,Medium Value,Medium Risk
12743.0,133,2,540.13,Medium Value,High Risk
12744.0,51,10,9120.39,High Value,Medium Risk
12747.0,1,11,4196.01,High Value,Low Risk
12748.0,0,224,28405.56,High Value,Low Risk
12749.0,3,8,3868.2,High Value,Low Risk
12750.0,128,1,275.88,Low Value,High Risk
12752.0,80,1,4366.78,High Value,Medium Risk
12753.0,3,11,21024.01,High Value,Low Risk
12754.0,235,5,2949.12,High Value,High Risk
12755.0,249,4,2203.2,High Value,High Risk
12756.0,86,1,112.07999999999998,Low Value,Medium Risk
12757.0,15,19,4205.25,High Value,Low Risk
12758.0,116,2,2791.59,High Value,High Risk
12759.0,51,3,1531.44,High Value,Medium Risk
12762.0,7,2,1898.52,High Value,Low Risk
12763.0,137,2,494.08,Medium Value,High Risk
12764.0,316,1,1693.88,High Value,High Risk
12766.0,3,7,6989.63,High Value,Low Risk
12769.0,238,1,1143.6,High Value,High Risk
12770.0,210,1,1351.45,High Value,High Risk
12772.0,59,1,892.47,Medium Value,Medium Risk
12775.0,16,6,1351.24,High Value,Low Risk
12778.0,19,7,804.23,Medium Value,Low Risk
12779.0,20,12,3868.7,High Value,Low Risk
12781.0,20,5,707.72,Medium Value,Low Risk
12782.0,4,6,2273.32,High Value,Low Risk
12783.0,1,8,1603.87,High Value,Low Risk
12784.0,8,2,532.8199999999999,Medium Value,Low Risk
12785.0,2,2,305.71,Low Value,Low Risk
12787.0,9,3,463.66,Medium Value,Low Risk
12789.0,64,1,91.85,Low Value,Medium Risk
12790.0,191,1,324.92,Low Value,High Risk
12791.0,373,1,192.60000000000002,Low Value,
12792.0,256,1,400.53999999999996,Medium Value,High Risk
12793.0,334,2,545.48,Medium Value,High Risk
12794.0,52,2,860.41,Medium Value,Medium Risk
12795.0,18,1,430.48,Medium Value,Low Risk
12797.0,359,3,194.18,Low Value,High Risk
12798.0,9,3,6977.04,High Value,Low Risk
12802.0,183,2,412.58,Medium Value,High Risk
12808.0,36,3,483.65000000000003,Medium Value,Medium Risk
12809.0,167,2,484.36,Medium Value,High Risk
12811.0,260,3,514.85,Medium Value,High Risk
12812.0,44,1,229.64000000000001,Low Value,Medium Risk
12814.0,101,1,125.92,Low Value,High Risk
12815.0,147,2,1063.46,Medium Value,High Risk
12816.0,95,2,572.2,Medium Value,High Risk
12817.0,280,1,166.04,Low Value,High Risk
12818.0,177,2,1517.88,High Value,High Risk
12820.0,2,4,942.34,Medium Value,Low Risk
12821.0,213,1,92.72,Low Value,High Risk
12822.0,70,3,918.98,Medium Value,Medium Risk
12823.0,74,5,1759.5,High Value,Medium Risk
12824.0,59,1,397.12,Medium Value,Medium Risk
12826.0,2,8,1468.1200000000001,High Value,Low Risk
12827.0,5,3,430.15000000000003,Medium Value,Low Risk
12828.0,2,6,1018.71,Medium Value,Low Risk
12829.0,321,3,253.05,Low Value,High Risk
12830.0,37,7,6748.4,High Value,Medium Risk
12831.0,261,1,215.05,Low Value,High Risk
12832.0,31,2,383.03,Medium Value,Medium Risk
12833.0,144,1,417.38,Medium Value,High Risk
12834.0,282,1,312.38,Low Value,High Risk
12836.0,58,4,2610.36,High Value,Medium Risk
12837.0,172,1,134.1,Low Value,High Risk
12838.0,33,2,671.95,Medium Value,Medium Risk
12839.0,2,16,5583.62,High Value,Low Risk
12840.0,143,6,2714.27,High Value,High Risk
12841.0,4,26,3845.63,High Value,Low Risk
12842.0,69,2,1118.99,Medium Value,Medium Risk
12843.0,65,9,1680.76,High Value,Medium Risk
12844.0,28,2,325.96000000000004,Low Value,Low Risk
12845.0,266,4,354.09,Low Value,High Risk
12847.0,21,1,843.64,Medium Value,Low Risk
12849.0,30,2,1010.29,Medium Value,Low Risk
12851.0,96,1,131.81,Low Value,High Risk
12852.0,289,2,299.75,Low Value,High Risk
12853.0,107,9,1881.7,High Value,High Risk
12854.0,78,5,1280.9,High Value,Medium Risk
12855.0,372,1,38.1,Low Value,
12856.0,7,8,2153.53,High Value,Low Risk
12857.0,210,2,1106.4,Medium Value,High Risk
12863.0,51,2,504.2,Medium Value,Medium Risk
12864.0,137,1,147.12,Low Value,High Risk
12865.0,25,3,1548.07,High Value,Low Risk
12866.0,282,1,559.12,Medium Value,High Risk
12867.0,25,10,3958.74,High Value,Low Risk
12868.0,185,6,1607.0600000000002,High Value,High Risk
12870.0,365,1,-14.899999999999999,Low Value,High Risk
12871.0,83,2,380.64,Medium Value,Medium Risk
12872.0,326,2,599.97,Medium Value,High Risk
12873.0,281,1,374.0,Medium Value,High Risk
12875.0,142,2,343.2300000000001,Low Value,High Risk
12876.0,57,2,2218.02,High Value,Medium Risk
12877.0,3,12,1535.77,High Value,Low Risk
12878.0,17,3,841.64,Medium Value,Low Risk
12879.0,44,4,552.5699999999999,Medium Value,Medium Risk
12881.0,275,1,298.0,Low Value,High Risk
12882.0,8,2,1463.04,High Value,Low Risk
12883.0,24,4,703.47,Medium Value,Low Risk
12884.0,87,1,309.05,Low Value,Medium Risk
12885.0,62,4,1158.27,High Value,Medium Risk
12886.0,67,3,1351.09,High Value,Medium Risk
12888.0,213,4,313.77,Low Value,High Risk
12890.0,23,1,376.71999999999997,Medium Value,Low Risk
12891.0,185,3,331.0,Low Value,High Risk
12893.0,30,1,176.55,Low Value,Low Risk
12895.0,41,3,347.3,Low Value,Medium Risk
12897.0,204,2,216.5,Low Value,High Risk
12901.0,8,36,16293.1,High Value,Low Risk
12902.0,264,1,138.68,Low Value,High Risk
12904.0,17,2,496.06,Medium Value,Low Risk
12906.0,11,5,2919.81,High Value,Low Risk
12908.0,58,4,246.0,Low Value,Medium Risk
12909.0,39,8,2128.83,High Value,Medium Risk
12910.0,22,8,3075.04,High Value,Low Risk
12912.0,2,5,1662.3,High Value,Low Risk
12913.0,4,5,2483.63,High Value,Low Risk
12915.0,148,2,363.65,Low Value,High Risk
12916.0,138,5,2921.15,High Value,High Risk
12917.0,127,1,594.0,Medium Value,High Risk
12919.0,7,8,1301.44,High Value,Low Risk
12920.0,16,1,162.78,Low Value,Low Risk
12921.0,3,50,16389.74,High Value,Low Risk
12922.0,160,1,405.38,Medium Value,High Risk
12923.0,63,1,172.82,Low Value,Medium Risk
12924.0,87,5,929.95,Medium Value,Medium Risk
12925.0,4,2,694.05,Medium Value,Low Risk
12928.0,34,5,2062.7000000000003,High Value,Medium Risk
12929.0,121,2,105.1,Low Value,High Risk
12930.0,77,4,409.9,Medium Value,Medium Risk
12931.0,21,20,33462.81,High Value,Low Risk
12933.0,23,4,606.28,Medium Value,Low Risk
12935.0,1,8,2156.45,High Value,Low Risk
12936.0,16,5,1012.9,Medium Value,Low Risk
12937.0,14,4,1504.27,High Value,Low Risk
12938.0,25,1,114.14,Low Value,Low Risk
12939.0,63,8,11581.8,High Value,Medium Risk
12940.0,45,4,862.44,Medium Value,Medium Risk
12942.0,130,3,675.6,Medium Value,High Risk
12943.0,300,1,-3.75,Low Value,High Risk
12944.0,35,2,604.51,Medium Value,Medium Risk
12945.0,287,1,462.95,Medium Value,High Risk
12947.0,143,11,1407.29,High Value,High Risk
12948.0,15,8,2053.7,High Value,Low Risk
12949.0,30,10,4143.02,High Value,Low Risk
12950.0,1,3,1843.0,High Value,Low Risk
12951.0,8,8,1042.07,Medium Value,Low Risk
12952.0,5,5,1382.8400000000001,High Value,Low Risk
12953.0,9,1,329.85,Low Value,Low Risk
12955.0,0,14,4734.26,High Value,Low Risk
12956.0,305,1,108.07,Low Value,High Risk
12957.0,3,12,3979.04,High Value,Low Risk
12962.0,6,2,266.39,Low Value,Low Risk
12963.0,7,9,1841.03,High Value,Low Risk
12965.0,88,1,769.8100000000001,Medium Value,Medium Risk
12966.0,9,1,160.18,Low Value,Low Risk
12967.0,2,4,1194.75,High Value,Low Risk
12968.0,111,1,135.95,Low Value,High Risk
12970.0,6,4,405.47,Medium Value,Low Risk
12971.0,3,89,10930.26,High Value,Low Risk
12974.0,197,1,144.8,Low Value,High Risk
12976.0,211,1,738.6,Medium Value,High Risk
12977.0,155,1,39.239999999999995,Low Value,High Risk
12980.0,155,12,7092.06,High Value,High Risk
12981.0,29,2,372.21999999999997,Low Value,Low Risk
12982.0,239,2,377.2,Medium Value,High Risk
12984.0,18,1,97.5,Low Value,Low Risk
12985.0,0,3,1215.6200000000001,High Value,Low Risk
12987.0,73,3,545.0,Medium Value,Medium Risk
12988.0,291,1,505.82,Medium Value,High Risk
12989.0,2,19,6854.51,High Value,Low Risk
12990.0,30,3,409.5,Medium Value,Low Risk
12991.0,22,2,503.76,Medium Value,Low Risk
12993.0,22,4,414.76,Medium Value,Low Risk
12994.0,3,5,902.22,Medium Value,Low Risk
12995.0,77,2,200.72,Low Value,Medium Risk
12997.0,21,7,1197.94,High Value,Low Risk
12999.0,195,3,455.88,Medium Value,High Risk
13000.0,106,3,534.85,Medium Value,High Risk
13001.0,3,15,9765.07,High Value,Low Risk
13002.0,317,1,120.94999999999999,Low Value,High Risk
13003.0,105,3,149.05,Low Value,High Risk
13004.0,11,22,5613.43,High Value,Low Risk
13005.0,173,3,468.95,Medium Value,High Risk
13006.0,55,1,81.57,Low Value,Medium Risk
13008.0,322,2,178.46999999999997,Low Value,High Risk
13011.0,371,1,50.550000000000004,Low Value,
13012.0,8,11,1296.6200000000001,High Value,Low Risk
13013.0,0,15,4786.99,High Value,Low Risk
13014.0,2,16,3365.43,High Value,Low Risk
13015.0,52,5,3339.64,High Value,Medium Risk
13016.0,72,3,789.89,Medium Value,Medium Risk
13017.0,6,1,204.0,Low Value,Low Risk
13018.0,15,29,7272.75,High Value,Low Risk
13021.0,3,12,2584.4,High Value,Low Risk
13023.0,63,2,689.9,Medium Value,Medium Risk
13026.0,0,8,936.15,Medium Value,Low Risk
13027.0,113,6,6912.0,High Value,High Risk
13028.0,22,3,659.68,Medium Value,Low Risk
13029.0,30,3,1247.5,High Value,Low Risk
13030.0,10,2,752.4399999999999,Medium Value,Low Risk
13032.0,38,3,996.52,Medium Value,Medium Risk
13033.0,356,1,190.55,Low Value,High Risk
13034.0,54,2,642.77,Medium Value,Medium Risk
13035.0,57,3,886.63,Medium Value,Medium Risk
13037.0,137,3,881.07,Medium Value,High Risk
13038.0,79,3,908.46,Medium Value,Medium Risk
13040.0,8,2,676.99,Medium Value,Low Risk
13043.0,253,2,471.57,Medium Value,High Risk
13044.0,290,1,560.47,Medium Value,High Risk
13045.0,98,1,305.28000000000003,Low Value,High Risk
13046.0,30,2,629.31,Medium Value,Low Risk
13047.0,31,18,3079.1,High Value,Medium Risk
13048.0,13,5,1789.41,High Value,Low Risk
13049.0,63,2,656.6800000000001,Medium Value,Medium Risk
13050.0,8,28,5684.61,High Value,Low Risk
13052.0,211,1,348.15000000000003,Low Value,High Risk
13055.0,63,4,1201.96,High Value,Medium Risk
13058.0,24,3,271.40000000000003,Low Value,Low Risk
13059.0,249,1,183.4,Low Value,High Risk
13060.0,253,1,307.53,Low Value,High Risk
13061.0,71,1,248.61,Low Value,Medium Risk
13062.0,190,1,346.98,Low Value,High Risk
13064.0,12,4,1105.59,Medium Value,Low Risk
13065.0,372,1,205.86,Low Value,
13066.0,23,3,430.9,Medium Value,Low Risk
13067.0,81,1,115.46000000000001,Low Value,Medium Risk
13068.0,9,2,344.0,Low Value,Low Risk
13069.0,0,27,3713.14,High Value,Low Risk
13070.0,191,1,228.8,Low Value,High Risk
13072.0,266,1,177.15,Low Value,High Risk
13075.0,129,1,919.61,Medium Value,High Risk
13077.0,0,4,728.02,Medium Value,Low Risk
13078.0,0,43,12432.28,High Value,Low Risk
13079.0,3,5,220.10000000000002,Low Value,Low Risk
13080.0,178,1,58.08,Low Value,High Risk
13081.0,0,21,27964.48,High Value,Low Risk
13082.0,125,10,3595.48,High Value,High Risk
13083.0,3,2,303.75,Low Value,Low Risk
13085.0,157,3,272.38,Low Value,High Risk
13089.0,2,118,57322.13,High Value,Low Risk
13090.0,8,18,8689.39,High Value,Low Risk
13091.0,20,2,319.82,Low Value,Low Risk
13092.0,70,6,459.83,Medium Value,Medium Risk
13093.0,266,13,7741.47,High Value,High Risk
13094.0,20,16,1708.8600000000001,High Value,Low Risk
13095.0,70,1,74.39999999999999,Low Value,Medium Risk
13097.0,32,14,5886.12,High Value,Medium Risk
13098.0,0,41,28658.88,High Value,Low Risk
13099.0,98,1,207.35999999999999,Low Value,High Risk
13101.0,233,1,101.19,Low Value,High Risk
13102.0,0,27,6336.29,High Value,Low Risk
13103.0,39,1,243.94,Low Value,Medium Risk
13104.0,2,6,1098.48,Medium Value,Low Risk
13106.0,128,2,59.5,Low Value,High Risk
13107.0,43,5,1524.07,High Value,Medium Risk
13108.0,372,1,350.06,Low Value,
13109.0,2,5,766.84,Medium Value,Low Risk
13110.0,30,8,1452.8700000000001,High Value,Low Risk
13113.0,0,40,10510.0,High Value,Low Risk
13115.0,8,14,2205.63,High Value,Low Risk
13116.0,116,2,485.19,Medium Value,High Risk
13117.0,21,8,984.91,Medium Value,Low Risk
13118.0,19,7,1125.0,Medium Value,Low Risk
13120.0,238,1,30.599999999999998,Low Value,High Risk
13121.0,268,2,254.73,Low Value,High Risk
13122.0,93,2,922.39,Medium Value,High Risk
13124.0,89,3,3756.33,High Value,Medium Risk
13126.0,4,10,2056.29,High Value,Low Risk
13127.0,77,1,259.17,Low Value,Medium Risk
13130.0,93,1,64.0,Low Value,High Risk
13131.0,22,4,1039.3,Medium Value,Low Risk
13132.0,261,1,77.3,Low Value,High Risk
13133.0,273,2,109.8,Low Value,High Risk
13134.0,72,7,1740.63,High Value,Medium Risk
13135.0,196,1,3096.0,High Value,High Risk
13136.0,49,11,2545.38,High Value,Medium Risk
13137.0,10,9,3557.96,High Value,Low Risk
13138.0,21,6,962.39,Medium Value,Low Risk
13139.0,15,8,5055.79,High Value,Low Risk
13140.0,107,3,422.47,Medium Value,High Risk
13141.0,84,6,2385.8,High Value,Medium Risk
13142.0,18,1,307.09,Low Value,Low Risk
13144.0,332,1,110.95,Low Value,High Risk
13145.0,39,5,614.77,Medium Value,Medium Risk
13146.0,25,1,228.91,Low Value,Low Risk
13147.0,9,4,712.8000000000001,Medium Value,Low Risk
13148.0,28,17,3324.62,High Value,Low Risk
13149.0,13,4,1676.06,High Value,Low Risk
13151.0,202,2,1250.3700000000001,High Value,High Risk
13153.0,5,1,486.22,Medium Value,Low Risk
13154.0,143,1,-611.86,Low Value,High Risk
13155.0,32,4,971.76,Medium Value,Medium Risk
13157.0,48,5,1721.57,High Value,Medium Risk
13158.0,94,4,1201.06,High Value,High Risk
13159.0,8,5,1371.25,High Value,Low Risk
13160.0,21,1,91.8,Low Value,Low Risk
13161.0,312,1,112.75,Low Value,High Risk
13162.0,121,5,1644.99,High Value,High Risk
13165.0,45,2,1021.48,Medium Value,Medium Risk
13166.0,281,2,414.7,Medium Value,High Risk
13167.0,18,4,791.33,Medium Value,Low Risk
13168.0,35,5,1290.54,High Value,Medium Risk
13169.0,63,2,712.88,Medium Value,Medium Risk
13170.0,26,1,108.81,Low Value,Low Risk
13171.0,7,5,426.81,Medium Value,Low Risk
13173.0,3,2,353.65,Low Value,Low Risk
13174.0,15,3,2742.82,High Value,Low Risk
13176.0,45,1,481.49,Medium Value,Medium Risk
13177.0,64,1,282.45,Low Value,Medium Risk
13178.0,25,11,5725.47,High Value,Low Risk
13182.0,44,1,121.18,Low Value,Medium Risk
13183.0,7,9,3957.78,High Value,Low Risk
13184.0,14,12,1616.45,High Value,Low Risk
13185.0,267,1,71.4,Low Value,High Risk
13186.0,39,5,1539.69,High Value,Medium Risk
13187.0,336,1,236.02,Low Value,High Risk
13188.0,10,1,114.60000000000001,Low Value,Low Risk
13189.0,18,2,260.68,Low Value,Low Risk
13192.0,94,2,911.94,Medium Value,High Risk
13193.0,60,1,112.08,Low Value,Medium Risk
13194.0,135,1,60.7,Low Value,High Risk
13196.0,10,4,1797.78,High Value,Low Risk
13198.0,9,8,3384.09,High Value,Low Risk
13199.0,3,39,9803.96,High Value,Low Risk
13200.0,18,4,870.09,Medium Value,Low Risk
13203.0,9,4,869.46,Medium Value,Low Risk
13207.0,14,2,250.26000000000002,Low Value,Low Risk
13208.0,58,7,1199.65,High Value,Medium Risk
13209.0,29,11,5820.16,High Value,Low Risk
13210.0,93,1,353.48,Low Value,High Risk
13211.0,9,3,1095.42,Medium Value,Low Risk
13212.0,8,4,779.33,Medium Value,Low Risk
13213.0,56,6,1518.43,High Value,Medium Risk
13216.0,267,1,333.74,Low Value,High Risk
13217.0,121,5,133.62,Low Value,High Risk
13218.0,126,1,62.63999999999999,Low Value,High Risk
13220.0,77,4,819.2900000000001,Medium Value,Medium Risk
13221.0,239,2,847.41,Medium Value,High Risk
13223.0,199,2,163.20000000000002,Low Value,High Risk
13224.0,59,3,2150.85,High Value,Medium Risk
13225.0,2,8,6083.04,High Value,Low Risk
13226.0,272,1,108.21000000000001,Low Value,High Risk
13227.0,201,1,257.7,Low Value,High Risk
13228.0,80,1,358.0,Low Value,Medium Risk
13229.0,225,1,160.95,Low Value,High Risk
13230.0,3,15,2712.07,High Value,Low Risk
13232.0,12,7,1328.35,High Value,Low Risk
13233.0,73,2,605.12,Medium Value,Medium Risk
13235.0,211,2,101.17000000000007,Low Value,High Risk
13236.0,24,3,727.27,Medium Value,Low Risk
13238.0,10,5,680.83,Medium Value,Low Risk
13239.0,261,1,329.56,Low Value,High Risk
13240.0,95,4,663.65,Medium Value,High Risk
13242.0,111,3,270.40000000000003,Low Value,High Risk
13243.0,202,1,585.12,Medium Value,High Risk
13244.0,92,1,121.74000000000001,Low Value,High Risk
13245.0,50,1,430.5,Medium Value,Medium Risk
13246.0,17,7,1896.32,High Value,Low Risk
13247.0,17,4,501.12,Medium Value,Low Risk
13248.0,124,2,465.68,Medium Value,High Risk
13249.0,91,3,711.41,Medium Value,High Risk
13253.0,156,2,1030.4,Medium Value,High Risk
13255.0,3,3,390.66,Medium Value,Low Risk
13256.0,13,1,0.0,Low Value,Low Risk
13258.0,11,3,672.83,Medium Value,Low Risk
13259.0,61,1,283.18,Low Value,Medium Risk
13260.0,60,1,557.62,Medium Value,Medium Risk
13261.0,268,2,944.1,Medium Value,High Risk
13262.0,262,1,200.29,Low Value,High Risk
13263.0,0,35,7436.93,High Value,Low Risk
13265.0,52,5,2092.66,High Value,Medium Risk
13266.0,10,19,3717.67,High Value,Low Risk
13267.0,2,27,4404.44,High Value,Low Risk
13268.0,17,15,3127.7,High Value,Low Risk
13269.0,0,17,5312.97,High Value,Low Risk
13270.0,365,1,590.0,Medium Value,High Risk
13271.0,36,2,172.37,Low Value,Medium Risk
13272.0,30,2,276.56,Low Value,Low Risk
13273.0,112,1,138.98,Low Value,High Risk
13276.0,63,2,590.9300000000001,Medium Value,Medium Risk
13277.0,15,4,258.4,Low Value,Low Risk
13278.0,40,1,542.73,Medium Value,Medium Risk
13279.0,63,2,126.30000000000001,Low Value,Medium Risk
13280.0,121,3,798.46,Medium Value,High Risk
13282.0,17,6,1047.8400000000001,Medium Value,Low Risk
13283.0,59,2,93.66,Low Value,Medium Risk
13284.0,322,2,196.15,Low Value,High Risk
13285.0,22,4,2709.12,High Value,Low Risk
13291.0,155,1,361.11,Low Value,High Risk
13292.0,38,2,578.9399999999999,Medium Value,Medium Risk
13294.0,189,2,873.74,Medium Value,High Risk
13295.0,359,2,197.95000000000002,Low Value,High Risk
13296.0,136,1,87.4,Low Value,High Risk
13297.0,7,4,2089.85,High Value,Low Risk
13298.0,0,1,360.0,Low Value,Low Risk
13299.0,267,1,142.5,Low Value,High Risk
13300.0,164,2,365.29,Low Value,High Risk
13301.0,103,4,618.09,Medium Value,High Risk
13302.0,154,1,63.75,Low Value,High Risk
13304.0,350,1,300.42,Low Value,High Risk
13305.0,3,10,2000.86,High Value,Low Risk
13307.0,119,1,15.0,Low Value,High Risk
13308.0,22,4,1367.6100000000001,High Value,Low Risk
13309.0,6,5,1456.79,High Value,Low Risk
13310.0,8,6,1083.63,Medium Value,Low Risk
13311.0,3,2,598.57,Medium Value,Low Risk
13313.0,21,5,1555.32,High Value,Low Risk
13314.0,1,4,593.51,Medium Value,Low Risk
13316.0,36,5,5570.6900000000005,High Value,Medium Risk
13317.0,63,9,2140.07,High Value,Medium Risk
13318.0,0,3,640.76,Medium Value,Low Risk
13319.0,4,36,10664.34,High Value,Low Risk
13320.0,69,6,1475.2,High Value,Medium Risk
13321.0,71,2,567.36,Medium Value,Medium Risk
13322.0,16,1,199.48000000000002,Low Value,Low Risk
13323.0,2,5,787.85,Medium Value,Low Risk
13324.0,31,12,7072.8,High Value,Medium Risk
13325.0,81,1,675.3,Medium Value,Medium Risk
13327.0,38,9,3617.57,High Value,Medium Risk
13328.0,315,1,1308.48,High Value,High Risk
13329.0,31,4,740.4,Medium Value,Medium Risk
13330.0,92,3,1140.93,High Value,High Risk
13332.0,13,1,350.9,Low Value,Low Risk
13334.0,81,3,3502.32,High Value,Medium Risk
13336.0,76,1,795.12,Medium Value,Medium Risk
13338.0,153,3,431.82,Medium Value,High Risk
13339.0,200,1,860.12,Medium Value,High Risk
13340.0,44,7,10736.48,High Value,Medium Risk
13341.0,260,1,775.85,Medium Value,High Risk
13343.0,172,2,303.93,Low Value,High Risk
13344.0,67,3,2511.69,High Value,Medium Risk
13345.0,276,2,377.6,Medium Value,High Risk
13347.0,69,1,341.36,Low Value,Medium Risk
13348.0,63,1,233.76,Low Value,Medium Risk
13349.0,10,1,247.32,Low Value,Low Risk
13350.0,15,3,910.72,Medium Value,Low Risk
13351.0,65,1,373.94,Medium Value,Medium Risk
13352.0,7,2,389.28,Medium Value,Low Risk
13354.0,70,1,743.53,Medium Value,Medium Risk
13355.0,121,1,674.7,Medium Value,High Risk
13356.0,79,1,768.24,Medium Value,Medium Risk
13357.0,256,1,609.4,Medium Value,High Risk
13358.0,268,1,439.03,Medium Value,High Risk
13359.0,58,2,431.26,Medium Value,Medium Risk
13362.0,2,5,3085.4900000000002,High Value,Low Risk
13363.0,17,2,992.5,Medium Value,Low Risk
13364.0,66,2,0.0,Low Value,Medium Risk
13365.0,8,3,2191.22,High Value,Low Risk
13366.0,49,1,56.160000000000004,Low Value,Medium Risk
13368.0,256,2,623.4,Medium Value,High Risk
13369.0,353,2,263.75,Low Value,High Risk
13370.0,365,2,721.32,Medium Value,High Risk
13372.0,89,1,378.64,Medium Value,Medium Risk
13373.0,60,3,3312.25,High Value,Medium Risk
13375.0,80,2,772.9,Medium Value,Medium Risk
13376.0,98,3,1019.76,Medium Value,High Risk
13379.0,25,3,572.56,Medium Value,Low Risk
13381.0,20,7,3626.81,High Value,Low Risk
13382.0,280,1,222.99,Low Value,High Risk
13384.0,30,9,4122.28,High Value,Low Risk
13385.0,329,1,534.57,Medium Value,High Risk
13388.0,120,3,627.15,Medium Value,High Risk
13389.0,10,3,797.96,Medium Value,Low Risk
13390.0,74,1,544.08,Medium Value,Medium Risk
13391.0,203,1,59.8,Low Value,High Risk
13394.0,1,10,2312.8,High Value,Low Risk
13395.0,184,1,307.72,Low Value,High Risk
13396.0,21,4,1325.29,High Value,Low Risk
13397.0,72,6,1539.18,High Value,Medium Risk
13398.0,191,1,457.34,Medium Value,High Risk
13402.0,126,2,621.23,Medium Value,High Risk
13403.0,17,1,75.0,Low Value,Low Risk
13404.0,0,2,252.49,Low Value,Low Risk
13405.0,73,3,572.451,Medium Value,Medium Risk
13408.0,1,81,27487.41,High Value,Low Risk
13410.0,8,7,988.91,Medium Value,Low Risk
13411.0,106,1,213.55,Low Value,High Risk
13414.0,133,3,1390.5,High Value,High Risk
13416.0,43,2,712.5,Medium Value,Medium Risk
13417.0,4,2,640.83,Medium Value,Low Risk
13418.0,11,23,5845.44,High Value,Low Risk
13419.0,63,1,221.06,Low Value,Medium Risk
13420.0,134,4,140.35,Low Value,High Risk
13421.0,39,3,1831.61,High Value,Medium Risk
13422.0,50,2,2601.55,High Value,Medium Risk
13425.0,107,3,1624.21,High Value,High Risk
13426.0,0,12,3550.7000000000003,High Value,Low Risk
13427.0,18,3,582.6,Medium Value,Low Risk
13428.0,9,1,201.78,Low Value,Low Risk
13429.0,10,4,1006.8,Medium Value,Low Risk
13430.0,18,4,648.6899999999999,Medium Value,Low Risk
13431.0,66,2,1269.1,High Value,Medium Risk
13434.0,73,2,534.24,Medium Value,Medium Risk
13435.0,4,9,3794.4900000000002,High Value,Low Risk
13436.0,1,1,196.89,Low Value,Low Risk
13437.0,13,7,3408.06,High Value,Low Risk
13439.0,254,1,283.71,Low Value,High Risk
13441.0,91,1,296.64,Low Value,High Risk
13447.0,22,4,1104.23,Medium Value,Low Risk
13448.0,16,10,3460.9900000000002,High Value,Low Risk
13449.0,23,1,291.88,Low Value,Low Risk
13450.0,26,6,2043.7199999999998,High Value,Low Risk
13451.0,25,6,2838.56,High Value,Low Risk
13452.0,258,2,590.0,Medium Value,High Risk
13453.0,165,2,356.97999999999996,Low Value,High Risk
13455.0,24,4,1007.35,Medium Value,Low Risk
13456.0,17,7,1737.8200000000002,High Value,Low Risk
13458.0,6,22,9537.92,High Value,Low Risk
13460.0,28,2,183.44,Low Value,Low Risk
13461.0,38,3,1445.0,High Value,Medium Risk
13462.0,182,2,143.25,Low Value,High Risk
13464.0,57,1,674.68,Medium Value,Medium Risk
13466.0,99,2,297.95,Low Value,High Risk
13467.0,10,2,1071.91,Medium Value,Low Risk
13468.0,1,41,5656.75,High Value,Low Risk
13470.0,98,2,165.0,Low Value,High Risk
13471.0,0,4,2501.84,High Value,Low Risk
13473.0,60,3,417.54,Medium Value,Medium Risk
13474.0,235,1,226.84,Low Value,High Risk
13475.0,190,4,1431.78,High Value,High Risk
13476.0,178,4,1092.77,Medium Value,High Risk
13477.0,37,8,1441.53,High Value,Medium Risk
13479.0,197,3,291.0,Low Value,High Risk
13481.0,45,8,1776.81,High Value,Medium Risk
13482.0,231,1,184.64,Low Value,High Risk
13483.0,65,1,140.34,Low Value,Medium Risk
13484.0,240,1,313.8,Low Value,High Risk
13485.0,232,1,454.24,Medium Value,High Risk
13486.0,77,3,1122.41,Medium Value,Medium Risk
13487.0,57,3,575.4,Medium Value,Medium Risk
13488.0,16,17,8910.61,High Value,Low Risk
13489.0,104,4,449.52,Medium Value,High Risk
13491.0,51,10,1215.82,High Value,Medium Risk
13492.0,135,3,1269.84,High Value,High Risk
13493.0,274,2,618.63,Medium Value,High Risk
13494.0,311,1,316.26000000000005,Low Value,High Risk
13495.0,7,6,1990.1200000000001,High Value,Low Risk
13496.0,10,3,617.93,Medium Value,Low Risk
13497.0,282,3,321.05,Low Value,High Risk
13499.0,17,7,1146.96,High Value,Low Risk
13500.0,22,4,1136.77,Medium Value,Low Risk
13501.0,242,2,1310.47,High Value,High Risk
13502.0,16,3,292.0,Low Value,Low Risk
13503.0,70,1,216.85,Low Value,Medium Risk
13504.0,63,1,295.93,Low Value,Medium Risk
13505.0,67,8,4282.88,High Value,Medium Risk
13506.0,311,3,452.82,Medium Value,High Risk
13507.0,2,4,2479.16,High Value,Low Risk
13508.0,243,1,110.97,Low Value,High Risk
13509.0,8,7,979.72,Medium Value,Low Risk
13510.0,0,5,1785.16,High Value,Low Risk
13512.0,260,1,251.21,Low Value,High Risk
13513.0,126,1,205.1,Low Value,High Risk
13514.0,73,1,152.20000000000002,Low Value,Medium Risk
13515.0,72,4,891.12,Medium Value,Medium Risk
13516.0,20,3,1389.41,High Value,Low Risk
13517.0,59,5,2109.07,High Value,Medium Risk
13518.0,85,1,627.16,Medium Value,Medium Risk
13519.0,49,2,110.80000000000001,Low Value,Medium Risk
13520.0,58,8,3487.75,High Value,Medium Risk
13521.0,0,3,1071.73,Medium Value,Low Risk
13522.0,29,1,125.80000000000001,Low Value,Low Risk
13523.0,32,6,3755.38,High Value,Medium Risk
13524.0,40,5,680.1800000000001,Medium Value,Medium Risk
13525.0,14,2,628.78,Medium Value,Low Risk
13527.0,33,8,2218.61,High Value,Medium Risk
13529.0,78,2,307.76,Low Value,Medium Risk
13531.0,204,2,483.8,Medium Value,High Risk
13532.0,33,1,210.31,Low Value,Medium Risk
13533.0,182,3,269.09,Low Value,High Risk
13534.0,1,43,5613.08,High Value,Low Risk
13536.0,0,7,3444.39,High Value,Low Risk
13538.0,42,7,1280.85,High Value,Medium Risk
13539.0,85,4,605.84,Medium Value,Medium Risk
13544.0,39,2,276.06,Low Value,Medium Risk
13546.0,11,3,621.09,Medium Value,Low Risk
13548.0,95,2,678.16,Medium Value,High Risk
13549.0,25,8,916.12,Medium Value,Low Risk
13551.0,318,1,91.80000000000001,Low Value,High Risk
13552.0,65,16,3539.53,High Value,Medium Risk
13555.0,73,4,4098.88,High Value,Medium Risk
13557.0,27,2,584.06,Medium Value,Low Risk
13558.0,5,4,594.52,Medium Value,Low Risk
13560.0,6,1,171.42000000000002,Low Value,Low Risk
13561.0,215,1,141.85999999999999,Low Value,High Risk
13562.0,81,3,1799.33,High Value,Medium Risk
13563.0,83,2,777.53,Medium Value,Medium Risk
13564.0,143,5,623.3900000000001,Medium Value,High Risk
13565.0,18,2,240.22,Low Value,Low Risk
13566.0,40,2,856.84,Medium Value,Medium Risk
13568.0,172,1,187.05,Low Value,High Risk
13569.0,16,2,338.62,Low Value,Low Risk
13570.0,242,1,239.49,Low Value,High Risk
13571.0,12,12,2088.94,High Value,Low Risk
13572.0,205,1,1384.25,High Value,High Risk
13573.0,49,2,290.25,Low Value,Medium Risk
13575.0,22,5,732.0699999999999,Medium Value,Low Risk
13576.0,9,20,6703.3,High Value,Low Risk
13577.0,24,5,1658.3,High Value,Low Risk
13579.0,14,2,467.04,Medium Value,Low Risk
13581.0,308,1,118.0,Low Value,High Risk
13583.0,155,1,781.03,Medium Value,High Risk
13584.0,306,1,142.4,Low Value,High Risk
13587.0,31,3,347.0,Low Value,Medium Risk
13588.0,15,13,2445.12,High Value,Low Risk
13589.0,14,2,379.65,Medium Value,Low Risk
13590.0,10,7,1976.12,High Value,Low Risk
13591.0,64,3,1117.13,Medium Value,Medium Risk
13592.0,35,4,247.95999999999998,Low Value,Medium Risk
13593.0,107,6,1965.0800000000002,High Value,High Risk
13594.0,52,1,396.97,Medium Value,Medium Risk
13596.0,5,2,664.11,Medium Value,Low Risk
13598.0,46,2,147.29,Low Value,Medium Risk
13599.0,0,33,5026.85,High Value,Low Risk
13600.0,311,1,219.52,Low Value,High Risk
13601.0,44,2,693.32,Medium Value,Medium Risk
13602.0,64,1,428.89,Medium Value,Medium Risk
13603.0,25,1,164.34,Low Value,Low Risk
13606.0,28,3,276.75,Low Value,Low Risk
13607.0,39,1,675.51,Medium Value,Medium Risk
13610.0,11,9,1065.88,Medium Value,Low Risk
13611.0,88,4,1140.8,High Value,Medium Risk
13614.0,23,4,1585.46,High Value,Low Risk
13615.0,312,2,399.99,Medium Value,High Risk
13617.0,39,3,544.18,Medium Value,Medium Risk
13618.0,173,1,177.34,Low Value,High Risk
13621.0,116,1,213.85,Low Value,High Risk
13623.0,30,7,652.4,Medium Value,Low Risk
13626.0,252,1,257.23,Low Value,High Risk
13627.0,58,7,1624.02,High Value,Medium Risk
13629.0,22,11,7792.36,High Value,Low Risk
13630.0,4,11,1995.68,High Value,Low Risk
13631.0,99,12,3021.77,High Value,High Risk
13632.0,24,6,2114.68,High Value,Low Risk
13634.0,32,5,1547.3600000000001,High Value,Medium Risk
13635.0,67,1,1071.03,Medium Value,Medium Risk
13636.0,36,6,941.62,Medium Value,Medium Risk
13637.0,51,3,804.3,Medium Value,Medium Risk
13638.0,15,1,122.64,Low Value,Low Risk
13639.0,73,1,1033.34,Medium Value,Medium Risk
13642.0,215,1,312.28,Low Value,High Risk
13643.0,30,3,519.44,Medium Value,Low Risk
13644.0,8,5,2597.52,High Value,Low Risk
13645.0,119,1,252.1,Low Value,High Risk
13647.0,9,5,1640.22,High Value,Low Risk
13649.0,256,2,346.6,Low Value,High Risk
13650.0,16,7,1809.34,High Value,Low Risk
13651.0,34,2,94.2,Low Value,Medium Risk
13652.0,45,3,1095.08,Medium Value,Medium Risk
13654.0,42,6,2707.33,High Value,Medium Risk
13655.0,113,2,932.97,Medium Value,High Risk
13656.0,164,2,379.65,Medium Value,High Risk
13657.0,10,2,382.14,Medium Value,Low Risk
13658.0,9,7,2421.47,High Value,Low Risk
13659.0,196,3,1540.65,High Value,High Risk
13662.0,85,7,862.58,Medium Value,Medium Risk
13663.0,178,1,189.47,Low Value,High Risk
13666.0,59,3,84.65,Low Value,Medium Risk
13667.0,148,1,299.05,Low Value,High Risk
13668.0,2,29,6162.31,High Value,Low Risk
13669.0,50,2,218.55,Low Value,Medium Risk
13670.0,74,1,349.7,Low Value,Medium Risk
13672.0,300,6,-71.46,Low Value,High Risk
13673.0,18,2,387.44,Medium Value,Low Risk
13675.0,150,2,486.82000000000005,Medium Value,High Risk
13678.0,151,1,232.6,Low Value,High Risk
13680.0,0,5,2199.01,High Value,Low Risk
13681.0,17,4,827.83,Medium Value,Low Risk
13682.0,186,1,59.5,Low Value,High Risk
13684.0,285,2,62.13,Low Value,High Risk
13685.0,2,7,3119.44,High Value,Low Risk
13686.0,182,1,72.0,Low Value,High Risk
13689.0,62,1,910.0,Medium Value,Medium Risk
13690.0,58,1,172.25,Low Value,Medium Risk
13692.0,24,5,1466.8700000000001,High Value,Low Risk
13693.0,324,2,-32.0,Low Value,High Risk
13694.0,3,60,62690.54,High Value,Low Risk
13695.0,30,15,2504.13,High Value,Low Risk
13697.0,38,1,151.29999999999998,Low Value,Medium Risk
13699.0,154,1,308.58000000000004,Low Value,High Risk
13700.0,25,10,2248.63,High Value,Low Risk
13703.0,317,1,99.5,Low Value,High Risk
13704.0,4,10,2295.31,High Value,Low Risk
13705.0,7,3,711.86,Medium Value,Low Risk
13706.0,302,1,330.79,Low Value,High Risk
13707.0,266,2,806.41,Medium Value,High Risk
13708.0,270,1,285.33,Low Value,High Risk
13709.0,3,17,6228.71,High Value,Low Risk
13710.0,31,1,180.48,Low Value,Medium Risk
13711.0,218,2,252.06,Low Value,High Risk
13712.0,246,1,228.84,Low Value,High Risk
13715.0,280,8,1051.99,Medium Value,High Risk
13716.0,268,1,138.28,Low Value,High Risk
13717.0,31,7,1432.26,High Value,Medium Risk
13718.0,245,2,306.55,Low Value,High Risk
13719.0,14,5,1041.68,Medium Value,Low Risk
13720.0,116,4,799.9,Medium Value,High Risk
13721.0,35,1,524.14,Medium Value,Medium Risk
13722.0,119,4,2369.16,High Value,High Risk
13723.0,216,1,199.85000000000002,Low Value,High Risk
13725.0,49,11,1809.81,High Value,Medium Risk
13726.0,38,2,1079.6599999999999,Medium Value,Medium Risk
13727.0,28,2,333.48,Low Value,Low Risk
13728.0,36,6,1016.14,Medium Value,Medium Risk
13730.0,135,2,752.6,Medium Value,High Risk
13731.0,218,2,610.59,Medium Value,High Risk
13732.0,27,1,491.86,Medium Value,Low Risk
13735.0,24,8,2764.48,High Value,Low Risk
13736.0,4,3,721.9,Medium Value,Low Risk
13737.0,199,1,339.59999999999997,Low Value,High Risk
13739.0,17,1,216.9,Low Value,Low Risk
13740.0,240,1,350.75,Low Value,High Risk
13741.0,71,4,666.33,Medium Value,Medium Risk
13742.0,16,14,3079.27,High Value,Low Risk
13743.0,2,8,1340.1499999999999,High Value,Low Risk
13744.0,94,2,1080.52,Medium Value,High Risk
13745.0,150,2,291.54,Low Value,High Risk
13747.0,373,1,79.6,Low Value,
13748.0,95,5,948.25,Medium Value,High Risk
13750.0,53,5,1647.26,High Value,Medium Risk
13751.0,287,1,296.25,Low Value,High Risk
13752.0,123,6,1175.38,High Value,High Risk
13753.0,287,1,741.26,Medium Value,High Risk
13754.0,151,2,282.59999999999997,Low Value,High Risk
13755.0,3,10,2101.39,High Value,Low Risk
13756.0,1,15,5145.12,High Value,Low Risk
13758.0,11,7,3190.55,High Value,Low Risk
13759.0,32,2,659.4100000000001,Medium Value,Medium Risk
13760.0,53,2,286.79,Low Value,Medium Risk
13761.0,49,2,1070.65,Medium Value,Medium Risk
13762.0,203,2,3.552713678800501e-15,Low Value,High Risk
13763.0,62,3,1689.46,High Value,Medium Risk
13764.0,70,3,1519.42,High Value,Medium Risk
13767.0,1,52,16945.71,High Value,Low Risk
13769.0,1,16,2771.87,High Value,Low Risk
13771.0,63,5,2631.7,High Value,Medium Risk
13772.0,33,3,1122.63,Medium Value,Medium Risk
13774.0,81,1,345.0,Low Value,Medium Risk
13777.0,0,41,25748.350000000002,High Value,Low Risk
13778.0,102,1,178.7,Low Value,High Risk
13780.0,6,2,360.01,Low Value,Low Risk
13781.0,250,1,127.84,Low Value,High Risk
13782.0,12,6,908.86,Medium Value,Low Risk
13784.0,9,11,2462.79,High Value,Low Risk
13786.0,366,1,230.39999999999998,Low Value,
13787.0,75,2,309.04,Low Value,Medium Risk
13790.0,3,1,348.8,Low Value,Low Risk
13791.0,42,3,1047.68,Medium Value,Medium Risk
13792.0,65,2,195.55,Low Value,Medium Risk
13798.0,0,63,36352.87,High Value,Low Risk
13799.0,116,2,688.86,Medium Value,High Risk
13800.0,309,1,558.32,Medium Value,High Risk
13801.0,66,1,324.8,Low Value,Medium Risk
13802.0,137,6,3906.27,High Value,High Risk
13803.0,254,1,277.07,Low Value,High Risk
13804.0,30,7,2588.39,High Value,Low Risk
13805.0,51,2,924.6,Medium Value,Medium Risk
13806.0,63,1,256.38,Low Value,Medium Risk
13807.0,366,1,112.6,Low Value,
13808.0,5,5,1747.66,High Value,Low Risk
13809.0,304,1,155.05,Low Value,High Risk
13810.0,28,4,899.51,Medium Value,Low Risk
13811.0,183,4,591.75,Medium Value,High Risk
13812.0,41,3,539.0,Medium Value,Medium Risk
13813.0,39,5,1353.41,High Value,Medium Risk
13814.0,55,3,1562.12,High Value,Medium Risk
13815.0,21,5,4014.91,High Value,Low Risk
13816.0,23,4,555.04,Medium Value,Low Risk
13817.0,28,2,382.98,Medium Value,Low Risk
13819.0,301,3,1140.35,High Value,High Risk
13821.0,144,2,385.64,Medium Value,High Risk
13822.0,5,2,632.0,Medium Value,Low Risk
13823.0,18,2,957.66,Medium Value,Low Risk
13824.0,32,5,1698.94,High Value,Medium Risk
13826.0,157,2,174.65,Low Value,High Risk
13827.0,57,3,409.8,Medium Value,Medium Risk
13828.0,21,1,209.49,Low Value,Low Risk
13829.0,358,1,-102.0,Low Value,High Risk
13831.0,15,6,2198.45,High Value,Low Risk
13832.0,17,2,40.949999999999996,Low Value,Low Risk
13833.0,158,1,383.85,Medium Value,High Risk
13835.0,24,4,834.57,Medium Value,Low Risk
13837.0,211,2,266.59000000000003,Low Value,High Risk
13838.0,5,4,674.82,Medium Value,Low Risk
13841.0,252,1,85.0,Low Value,High Risk
13842.0,58,9,3385.62,High Value,Medium Risk
13844.0,10,1,361.62,Low Value,Low Risk
13845.0,64,1,312.98,Low Value,Medium Risk
13846.0,24,4,847.61,Medium Value,Low Risk
13848.0,91,3,1255.0,High Value,High Risk
13849.0,51,2,1537.95,High Value,Medium Risk
13850.0,87,2,1586.81,High Value,Medium Risk
13851.0,95,3,2651.46,High Value,High Risk
13853.0,8,2,1056.94,Medium Value,Low Risk
13854.0,8,29,8025.0199999999995,High Value,Low Risk
13856.0,168,5,363.4,Low Value,High Risk
13858.0,56,1,216.17,Low Value,Medium Risk
13859.0,325,1,201.16,Low Value,High Risk
13860.0,0,6,1240.0,High Value,Low Risk
13862.0,17,10,2187.31,High Value,Low Risk
13863.0,244,2,299.56,Low Value,High Risk
13865.0,57,4,501.56,Medium Value,Medium Risk
13866.0,73,1,145.67000000000002,Low Value,Medium Risk
13867.0,30,3,1005.09,Medium Value,Low Risk
13868.0,6,2,3192.54,High Value,Low Risk
13869.0,122,4,3083.65,High Value,High Risk
13870.0,1,10,2751.25,High Value,Low Risk
13871.0,22,14,6389.8,High Value,Low Risk
13873.0,119,4,381.7,Medium Value,High Risk
13874.0,357,1,540.45,Medium Value,High Risk
13875.0,53,5,1786.79,High Value,Medium Risk
13876.0,63,1,122.7,Low Value,Medium Risk
13877.0,85,1,117.24,Low Value,Medium Risk
13878.0,54,1,1271.57,High Value,Medium Risk
13880.0,20,13,3219.77,High Value,Low Risk
13881.0,3,22,16989.52,High Value,Low Risk
13882.0,2,6,1131.28,Medium Value,Low Risk
13883.0,0,9,2538.75,High Value,Low Risk
13884.0,6,6,781.3000000000001,Medium Value,Low Risk
13885.0,188,2,506.8,Medium Value,High Risk
13886.0,70,1,243.56,Low Value,Medium Risk
13887.0,203,1,349.55,Low Value,High Risk
13888.0,119,2,595.67,Medium Value,High Risk
13889.0,92,1,416.90000000000003,Medium Value,High Risk
13890.0,0,14,1860.8600000000001,High Value,Low Risk
13892.0,26,4,632.97,Medium Value,Low Risk
13893.0,297,1,821.1,Medium Value,High Risk
13894.0,21,5,535.97,Medium Value,Low Risk
13895.0,20,5,2588.12,High Value,Low Risk
13897.0,49,1,311.16,Low Value,Medium Risk
13898.0,325,1,155.93,Low Value,High Risk
13899.0,15,2,388.52,Medium Value,Low Risk
13900.0,182,3,740.95,Medium Value,High Risk
13901.0,71,5,2867.2,High Value,Medium Risk
13904.0,36,2,332.64,Low Value,Medium Risk
13908.0,79,5,2347.05,High Value,Medium Risk
13911.0,56,9,2580.91,High Value,Medium Risk
13914.0,3,3,613.95,Medium Value,Low Risk
13917.0,49,2,272.04,Low Value,Medium Risk
13918.0,49,2,1212.8400000000001,High Value,Medium Risk
13919.0,52,3,350.15999999999997,Low Value,Medium Risk
13922.0,351,1,172.25,Low Value,High Risk
13923.0,53,1,351.13,Low Value,Medium Risk
13924.0,1,11,1682.08,High Value,Low Risk
13925.0,35,6,616.65,Medium Value,Medium Risk
13926.0,22,1,223.85000000000002,Low Value,Low Risk
13927.0,74,1,348.99,Low Value,Medium Risk
13928.0,10,4,464.57,Medium Value,Low Risk
13929.0,168,3,802.85,Medium Value,High Risk
13930.0,57,2,337.34,Low Value,Medium Risk
13931.0,85,3,1230.93,High Value,Medium Risk
13932.0,294,1,307.4,Low Value,High Risk
13933.0,108,2,608.7900000000001,Medium Value,High Risk
13934.0,263,1,922.1,Medium Value,High Risk
13936.0,170,2,361.28,Low Value,High Risk
13937.0,168,1,158.85,Low Value,High Risk
13938.0,34,1,71.66,Low Value,Medium Risk
13939.0,22,4,556.75,Medium Value,Low Risk
13940.0,16,4,839.14,Medium Value,Low Risk
13941.0,21,7,4912.41,High Value,Low Risk
13946.0,78,3,561.5699999999999,Medium Value,Medium Risk
13947.0,64,1,90.6,Low Value,Medium Risk
13948.0,360,1,102.0,Low Value,High Risk
13949.0,2,6,2427.32,High Value,Low Risk
13950.0,10,5,728.56,Medium Value,Low Risk
13951.0,175,3,674.45,Medium Value,High Risk
13952.0,210,3,3246.091,High Value,High Risk
13953.0,6,7,3515.68,High Value,Low Risk
13954.0,1,3,378.59,Medium Value,Low Risk
13955.0,153,2,322.96,Low Value,High Risk
13956.0,4,5,1019.27,Medium Value,Low Risk
13958.0,371,1,-102.45,Low Value,
13959.0,78,3,594.04,Medium Value,Medium Risk
13960.0,20,2,230.22,Low Value,Low Risk
13962.0,21,2,169.55,Low Value,Low Risk
13963.0,307,4,664.54,Medium Value,High Risk
13967.0,145,1,80.7,Low Value,High Risk
13969.0,6,20,8956.92,High Value,Low Risk
13971.0,8,11,2702.2200000000003,High Value,Low Risk
13972.0,70,2,190.25,Low Value,Medium Risk
13973.0,286,1,264.7,Low Value,High Risk
13974.0,48,1,413.59000000000003,Medium Value,Medium Risk
13975.0,30,7,2438.19,High Value,Low Risk
13976.0,206,1,357.98,Low Value,High Risk
13978.0,14,2,196.79000000000002,Low Value,Low Risk
13979.0,72,1,869.87,Medium Value,Medium Risk
13980.0,59,1,200.14,Low Value,Medium Risk
13982.0,38,5,1861.11,High Value,Medium Risk
13983.0,29,13,2590.46,High Value,Low Risk
13984.0,26,6,488.03,Medium Value,Low Risk
13985.0,3,16,7024.53,High Value,Low Risk
13986.0,16,1,320.46,Low Value,Low Risk
13988.0,19,9,4098.8,High Value,Low Risk
13989.0,65,2,1266.08,High Value,Medium Risk
13990.0,212,1,311.3,Low Value,High Risk
13991.0,11,7,847.54,Medium Value,Low Risk
13992.0,29,1,76.8,Low Value,Low Risk
13993.0,31,12,3409.66,High Value,Medium Risk
13994.0,3,6,2274.14,High Value,Low Risk
13995.0,14,6,1383.49,High Value,Low Risk
13999.0,9,15,3865.26,High Value,Low Risk
14000.0,205,2,633.71,Medium Value,High Risk
14001.0,45,4,2030.3300000000002,High Value,Medium Risk
14002.0,133,2,529.73,Medium Value,High Risk
14004.0,42,7,4582.64,High Value,Medium Risk
14005.0,9,5,2874.72,High Value,Low Risk
14006.0,115,3,962.19,Medium Value,High Risk
14009.0,197,3,685.9300000000001,Medium Value,High Risk
14012.0,277,1,328.8,Low Value,High Risk
14013.0,109,3,473.02,Medium Value,High Risk
14014.0,76,1,505.18,Medium Value,Medium Risk
14015.0,52,1,917.34,Medium Value,Medium Risk
14016.0,153,5,4328.46,High Value,High Risk
14019.0,46,4,1398.96,High Value,Medium Risk
14020.0,16,2,642.8,Medium Value,Low Risk
14021.0,154,3,631.9,Medium Value,High Risk
14022.0,224,1,440.0,Medium Value,High Risk
14023.0,6,2,584.07,Medium Value,Low Risk
14024.0,121,2,327.7,Low Value,High Risk
14027.0,60,1,104.82,Low Value,Medium Risk
14029.0,62,2,467.66,Medium Value,Medium Risk
14030.0,17,8,2358.84,High Value,Low Risk
14031.0,6,23,14634.640000000001,High Value,Low Risk
14032.0,1,18,2929.84,High Value,Low Risk
14034.0,21,4,509.09,Medium Value,Low Risk
14035.0,28,5,1428.02,High Value,Low Risk
14036.0,284,1,626.65,Medium Value,High Risk
14037.0,175,2,147.20000000000002,Low Value,High Risk
14038.0,77,4,1554.48,High Value,Medium Risk
14039.0,32,1,152.2,Low Value,Medium Risk
14040.0,40,15,3487.59,High Value,Medium Risk
14041.0,265,1,141.41,Low Value,High Risk
14044.0,26,4,646.42,Medium Value,Low Risk
14045.0,108,4,1659.75,High Value,High Risk
14046.0,283,1,154.99,Low Value,High Risk
14047.0,8,7,1290.01,High Value,Low Risk
14048.0,276,2,375.13,Medium Value,High Risk
14049.0,16,6,5536.15,High Value,Low Risk
14050.0,31,2,746.36,Medium Value,Medium Risk
14051.0,0,26,15477.34,High Value,Low Risk
14052.0,19,1,225.36,Low Value,Low Risk
14053.0,123,2,260.25,Low Value,High Risk
14054.0,64,1,92.46,Low Value,Medium Risk
14055.0,105,1,725.6400000000001,Medium Value,High Risk
14056.0,0,29,8062.46,High Value,Low Risk
14057.0,23,18,6141.099999999999,High Value,Low Risk
14059.0,266,1,183.6,Low Value,High Risk
14060.0,4,20,6135.38,High Value,Low Risk
14062.0,9,12,10464.85,High Value,Low Risk
14064.0,28,7,1168.92,High Value,Low Risk
14066.0,266,1,152.55,Low Value,High Risk
14067.0,63,2,374.7,Medium Value,Medium Risk
14068.0,319,1,265.85,Low Value,High Risk
14071.0,3,9,1306.16,High Value,Low Risk
14073.0,20,2,139.54,Low Value,Low Risk
14075.0,4,3,942.26,Medium Value,Low Risk
14076.0,128,1,118.67,Low Value,High Risk
14077.0,40,5,499.41999999999996,Medium Value,Medium Risk
14078.0,101,6,1049.37,Medium Value,High Risk
14079.0,124,1,375.1,Medium Value,High Risk
14080.0,32,1,45.599999999999994,Low Value,Medium Risk
14081.0,266,4,891.77,Medium Value,High Risk
14082.0,364,1,182.25,Low Value,High Risk
14083.0,3,9,1002.9,Medium Value,Low Risk
14085.0,1,19,4408.54,High Value,Low Risk
14087.0,2,2,178.72,Low Value,Low Risk
14088.0,9,14,50415.49,High Value,Low Risk
14089.0,56,1,158.75,Low Value,Medium Risk
14090.0,324,1,76.32000000000001,Low Value,High Risk
14092.0,7,17,4063.1,High Value,Low Risk
14093.0,11,1,433.86,Medium Value,Low Risk
14096.0,3,34,57120.909999999996,High Value,Low Risk
14098.0,36,1,147.35,Low Value,Medium Risk
14099.0,15,12,3092.9700000000003,High Value,Low Risk
14100.0,137,1,191.95000000000002,Low Value,High Risk
14101.0,73,6,5976.79,High Value,Medium Risk
14102.0,4,8,1060.33,Medium Value,Low Risk
14104.0,154,2,216.20999999999998,Low Value,High Risk
14105.0,84,2,1260.33,High Value,Medium Risk
14107.0,51,8,2688.48,High Value,Medium Risk
14108.0,30,3,594.16,Medium Value,Low Risk
14109.0,22,2,80.2,Low Value,Low Risk
14110.0,3,13,5669.65,High Value,Low Risk
14111.0,13,5,688.6,Medium Value,Low Risk
14112.0,22,12,2774.17,High Value,Low Risk
14113.0,3,8,1377.92,High Value,Low Risk
14114.0,273,2,386.53,Medium Value,High Risk
14116.0,19,5,1382.74,High Value,Low Risk
14117.0,143,1,90.0,Low Value,High Risk
14119.0,353,1,-19.9,Low Value,High Risk
14121.0,3,6,2740.3,High Value,Low Risk
14124.0,83,1,419.58000000000004,Medium Value,Medium Risk
14125.0,10,3,2720.63,High Value,Low Risk
14126.0,7,4,643.6300000000001,Medium Value,Low Risk
14127.0,122,3,709.71,Medium Value,High Risk
14128.0,60,2,637.5,Medium Value,Medium Risk
14129.0,1,5,1123.8600000000001,Medium Value,Low Risk
14130.0,318,1,480.91,Medium Value,High Risk
14132.0,1,12,3580.13,High Value,Low Risk
14133.0,129,5,590.3399999999999,Medium Value,High Risk
14135.0,1,15,4690.31,High Value,Low Risk
14138.0,1,2,965.8800000000001,Medium Value,Low Risk
14139.0,45,1,415.82,Medium Value,Medium Risk
14140.0,3,3,920.05,Medium Value,Low Risk
14141.0,2,6,879.0300000000001,Medium Value,Low Risk
14142.0,372,1,311.81,Low Value,
14143.0,133,1,115.8,Low Value,High Risk
14145.0,46,5,3148.2,High Value,Medium Risk
14146.0,8,6,2949.57,High Value,Low Risk
14147.0,48,3,468.4,Medium Value,Medium Risk
14148.0,233,1,157.2,Low Value,High Risk
14149.0,212,3,259.43,Low Value,High Risk
14150.0,35,2,658.64,Medium Value,Medium Risk
14152.0,74,3,611.09,Medium Value,Medium Risk
14154.0,238,2,1345.62,High Value,High Risk
14155.0,265,1,118.75,Low Value,High Risk
14156.0,9,66,113214.59,High Value,Low Risk
14157.0,19,3,392.44,Medium Value,Low Risk
14158.0,39,1,507.66,Medium Value,Medium Risk
14159.0,19,14,4615.64,High Value,Low Risk
14161.0,215,3,1097.6200000000001,Medium Value,High Risk
14162.0,173,2,289.36,Low Value,High Risk
14163.0,86,4,2445.91,High Value,Medium Risk
14164.0,70,2,1631.77,High Value,Medium Risk
14165.0,275,1,120.44,Low Value,High Risk
14167.0,38,4,562.59,Medium Value,Medium Risk
14171.0,97,1,363.79,Low Value,High Risk
14173.0,10,4,450.84,Medium Value,Low Risk
14174.0,32,1,134.46,Low Value,Medium Risk
14175.0,50,7,3108.06,High Value,Medium Risk
14176.0,296,5,574.0,Medium Value,High Risk
14177.0,84,5,544.51,Medium Value,Medium Risk
14178.0,8,7,1600.26,High Value,Low Risk
14179.0,40,2,701.57,Medium Value,Medium Risk
14180.0,10,31,4640.77,High Value,Low Risk
14184.0,66,1,452.89,Medium Value,Medium Risk
14185.0,330,1,197.65,Low Value,High Risk
14188.0,8,10,2018.91,High Value,Low Risk
14189.0,1,24,4604.31,High Value,Low Risk
14191.0,1,14,4660.01,High Value,Low Risk
14193.0,67,2,853.39,Medium Value,Medium Risk
14194.0,4,32,11216.75,High Value,Low Risk
14195.0,201,3,962.7,Medium Value,High Risk
14196.0,106,1,335.52,Low Value,High Risk
14198.0,3,7,663.5,Medium Value,Low Risk
14199.0,217,1,185.39999999999998,Low Value,High Risk
14201.0,59,9,688.04,Medium Value,Medium Risk
14204.0,1,1,150.61,Low Value,Low Risk
14205.0,10,4,218.78,Low Value,Low Risk
14206.0,238,2,308.26,Low Value,High Risk
14208.0,94,1,151.74,Low Value,High Risk
14209.0,10,7,2067.13,High Value,Low Risk
14210.0,90,7,1900.89,High Value,Medium Risk
14211.0,52,13,2208.3,High Value,Medium Risk
14212.0,89,1,1070.48,Medium Value,Medium Risk
14213.0,371,1,-1192.2,Low Value,
14214.0,30,7,1000.23,Medium Value,Low Risk
14215.0,11,7,1777.92,High Value,Low Risk
14216.0,2,4,1839.3,High Value,Low Risk
14217.0,1,24,1925.3600000000001,High Value,Low Risk
14218.0,42,1,169.48000000000002,Low Value,Medium Risk
14219.0,3,1,89.94,Low Value,Low Risk
14220.0,246,2,632.4,Medium Value,High Risk
14221.0,41,10,3427.85,High Value,Medium Risk
14222.0,176,1,683.17,Medium Value,High Risk
14223.0,91,4,975.23,Medium Value,High Risk
14224.0,109,4,1009.73,Medium Value,High Risk
14226.0,28,7,2184.2400000000002,High Value,Low Risk
14227.0,25,15,3315.71,High Value,Low Risk
14229.0,51,5,1450.6,High Value,Medium Risk
14231.0,178,5,822.0600000000001,Medium Value,High Risk
14232.0,31,8,2043.93,High Value,Medium Risk
14233.0,43,5,1447.51,High Value,Medium Risk
14234.0,21,4,754.12,Medium Value,Low Risk
14235.0,9,6,3093.86,High Value,Low Risk
14236.0,80,2,490.86,Medium Value,Medium Risk
14237.0,372,1,161.0,Low Value,
14238.0,325,1,146.85,Low Value,High Risk
14239.0,42,13,2323.5,High Value,Medium Risk
14240.0,29,2,890.34,Medium Value,Low Risk
14241.0,183,1,213.70000000000002,Low Value,High Risk
14242.0,234,2,280.55,Low Value,High Risk
14243.0,8,14,2535.88,High Value,Low Risk
14245.0,175,5,1677.48,High Value,High Risk
14246.0,110,3,1474.06,High Value,High Risk
14247.0,277,1,136.76999999999998,Low Value,High Risk
14248.0,317,1,302.58,Low Value,High Risk
14250.0,6,3,1904.05,High Value,Low Risk
14251.0,1,5,2879.7000000000003,High Value,Low Risk
14256.0,253,3,935.0600000000001,Medium Value,High Risk
14257.0,50,6,3087.27,High Value,Medium Risk
14258.0,8,10,12650.08,High Value,Low Risk
14259.0,141,1,120.0,Low Value,High Risk
14261.0,50,2,1163.45,High Value,Medium Risk
14262.0,7,8,2618.23,High Value,Low Risk
14264.0,154,3,319.47,Low Value,High Risk
14265.0,108,2,530.18,Medium Value,High Risk
14267.0,150,7,1279.09,High Value,High Risk
14270.0,331,1,492.65000000000003,Medium Value,High Risk
14271.0,225,1,112.32,Low Value,High Risk
14272.0,73,2,437.96,Medium Value,Medium Risk
14273.0,50,4,559.97,Medium Value,Medium Risk
14276.0,87,5,1019.39,Medium Value,Medium Risk
14277.0,14,4,3928.8,High Value,Low Risk
14280.0,196,1,134.04,Low Value,High Risk
14282.0,2,15,3701.44,High Value,Low Risk
14284.0,30,3,578.45,Medium Value,Low Risk
14285.0,20,4,1910.01,High Value,Low Risk
14286.0,23,5,4595.81,High Value,Low Risk
14287.0,7,4,151.23000000000002,Low Value,Low Risk
14288.0,211,2,413.85,Medium Value,High Risk
14289.0,8,6,911.26,Medium Value,Low Risk
14290.0,10,6,2307.4500000000003,High Value,Low Risk
14291.0,1,12,3873.3,High Value,Low Risk
14292.0,7,14,4819.33,High Value,Low Risk
14293.0,2,4,1046.56,Medium Value,Low Risk
14295.0,39,2,154.70000000000002,Low Value,Medium Risk
14297.0,17,6,1284.06,High Value,Low Risk
14298.0,2,45,50862.44,High Value,Low Risk
14299.0,7,18,2855.35,High Value,Low Risk
14300.0,18,1,43.2,Low Value,Low Risk
14301.0,107,2,632.04,Medium Value,High Risk
14304.0,222,2,197.1,Low Value,High Risk
14305.0,70,5,1803.76,High Value,Medium Risk
14306.0,50,3,2083.42,High Value,Medium Risk
14307.0,88,6,2995.72,High Value,Medium Risk
14309.0,7,10,2319.68,High Value,Low Risk
14311.0,224,2,229.71,Low Value,High Risk
14312.0,46,6,1611.59,High Value,Medium Risk
14314.0,106,1,120.0,Low Value,High Risk
14315.0,20,7,2456.98,High Value,Low Risk
14317.0,64,1,508.58000000000004,Medium Value,Medium Risk
14320.0,206,3,343.11,Low Value,High Risk
14321.0,10,5,1530.75,High Value,Low Risk
14323.0,114,4,574.26,Medium Value,High Risk
14326.0,234,2,166.85,Low Value,High Risk
14327.0,162,1,311.65,Low Value,High Risk
14329.0,8,14,4889.14,High Value,Low Risk
14331.0,123,2,462.65999999999997,Medium Value,High Risk
14332.0,22,3,840.21,Medium Value,Low Risk
14333.0,63,2,351.45,Low Value,Medium Risk
14334.0,16,9,2539.46,High Value,Low Risk
14335.0,15,2,454.86,Medium Value,Low Risk
14336.0,16,4,1614.91,High Value,Low Risk
14338.0,157,4,554.22,Medium Value,High Risk
14339.0,234,4,289.90999999999997,Low Value,High Risk
14340.0,218,1,134.7,Low Value,High Risk
14341.0,44,9,2151.08,High Value,Medium Risk
14342.0,20,6,607.71,Medium Value,Low Risk
14344.0,126,8,889.9300000000001,Medium Value,High Risk
14345.0,38,1,108.97999999999999,Low Value,Medium Risk
14346.0,120,2,1021.58,Medium Value,High Risk
14348.0,259,1,409.57,Medium Value,High Risk
14349.0,9,1,133.5,Low Value,Low Risk
14350.0,270,2,258.7,Low Value,High Risk
14351.0,164,1,51.0,Low Value,High Risk
14352.0,156,4,1078.96,Medium Value,High Risk
14353.0,214,1,90.6,Low Value,High Risk
14354.0,5,2,163.62,Low Value,Low Risk
14355.0,365,1,174.4,Low Value,High Risk
14356.0,59,4,666.9399999999999,Medium Value,Medium Risk
14357.0,42,1,225.12,Low Value,Medium Risk
14359.0,18,6,882.58,Medium Value,Low Risk
14360.0,31,4,2118.03,High Value,Medium Risk
14362.0,21,1,151.5,Low Value,Low Risk
14364.0,108,8,3717.35,High Value,High Risk
14367.0,7,19,9134.12,High Value,Low Risk
14368.0,319,1,155.0,Low Value,High Risk
14371.0,294,1,100.5,Low Value,High Risk
14373.0,357,1,76.55,Low Value,High Risk
14375.0,184,1,235.56,Low Value,High Risk
14377.0,190,2,617.05,Medium Value,High Risk
14379.0,43,2,348.1,Low Value,Medium Risk
14381.0,51,1,202.68,Low Value,Medium Risk
14382.0,25,1,615.49,Medium Value,Low Risk
14383.0,37,3,1247.69,High Value,Medium Risk
14385.0,8,3,202.11,Low Value,Low Risk
14386.0,296,1,142.4,Low Value,High Risk
14387.0,32,3,1727.6,High Value,Medium Risk
14388.0,8,10,3172.04,High Value,Low Risk
14389.0,8,5,999.72,Medium Value,Low Risk
14390.0,9,13,4582.22,High Value,Low Risk
14393.0,217,1,67.95,Low Value,High Risk
14395.0,1,12,3444.11,High Value,Low Risk
14396.0,64,2,487.99,Medium Value,Medium Risk
14397.0,0,23,2556.68,High Value,Low Risk
14400.0,140,2,559.7,Medium Value,High Risk
14401.0,3,14,4039.98,High Value,Low Risk
14403.0,129,5,1426.31,High Value,High Risk
14404.0,33,7,1409.72,High Value,Medium Risk
14406.0,118,1,156.75,Low Value,High Risk
14407.0,106,9,2111.08,High Value,High Risk
14408.0,10,7,2599.03,High Value,Low Risk
14409.0,70,7,1908.25,High Value,Medium Risk
14410.0,15,15,573.45,Medium Value,Low Risk
14411.0,310,1,1063.0,Medium Value,High Risk
14412.0,34,3,761.3299999999999,Medium Value,Medium Risk
14413.0,361,1,121.05,Low Value,High Risk
14414.0,91,8,1485.1299999999999,High Value,High Risk
14415.0,0,18,5766.85,High Value,Low Risk
14416.0,21,2,490.22,Medium Value,Low Risk
14418.0,3,3,1937.25,High Value,Low Risk
14419.0,10,6,1051.79,Medium Value,Low Risk
14420.0,84,2,385.87,Medium Value,Medium Risk
14421.0,56,2,813.11,Medium Value,Medium Risk
14422.0,0,6,4263.64,High Value,Low Risk
14423.0,217,1,265.2,Low Value,High Risk
14424.0,17,1,322.08,Low Value,Low Risk
14426.0,18,16,3918.9,High Value,Low Risk
14427.0,49,2,363.34000000000003,Low Value,Medium Risk
14428.0,6,7,1209.3700000000001,High Value,Low Risk
14431.0,298,2,423.26,Medium Value,High Risk
14432.0,9,6,2248.5,High Value,Low Risk
14434.0,21,6,1372.8,High Value,Low Risk
14436.0,98,1,89.06,Low Value,High Risk
14437.0,142,2,-43.400000000000006,Low Value,High Risk
14438.0,305,1,131.9,Low Value,High Risk
14439.0,319,1,2661.24,High Value,High Risk
14440.0,7,5,2357.6800000000003,High Value,Low Risk
14441.0,0,10,1545.14,High Value,Low Risk
14442.0,1,5,1544.62,High Value,Low Risk
14443.0,53,7,1400.88,High Value,Medium Risk
14446.0,0,4,1010.35,Medium Value,Low Risk
14447.0,18,5,1163.23,High Value,Low Risk
14448.0,8,2,375.35,Medium Value,Low Risk
14449.0,18,4,885.8,Medium Value,Low Risk
14450.0,180,3,483.25,Medium Value,High Risk
14451.0,59,2,643.9,Medium Value,Medium Risk
14452.0,10,2,259.05,Low Value,Low Risk
14453.0,189,1,119.93,Low Value,High Risk
14456.0,4,14,3002.5099999999998,High Value,Low Risk
14457.0,310,1,113.64,Low Value,High Risk
14459.0,154,1,1837.92,High Value,High Risk
14460.0,109,4,383.34,Medium Value,High Risk
14461.0,147,3,2103.06,High Value,High Risk
14462.0,63,15,1942.45,High Value,Medium Risk
14463.0,97,3,529.62,Medium Value,High Risk
14465.0,246,3,1038.44,Medium Value,High Risk
14466.0,28,7,2272.4,High Value,Low Risk
14467.0,17,4,596.26,Medium Value,Low Risk
14470.0,11,2,461.19,Medium Value,Low Risk
14472.0,103,8,1852.67,High Value,High Risk
14473.0,73,2,234.34000000000003,Low Value,Medium Risk
14474.0,42,2,537.71,Medium Value,Medium Risk
14475.0,71,6,799.82,Medium Value,Medium Risk
14476.0,256,1,193.0,Low Value,High Risk
14477.0,19,5,1307.81,High Value,Low Risk
14479.0,253,2,316.25,Low Value,High Risk
14480.0,10,1,279.05,Low Value,Low Risk
14481.0,164,2,636.51,Medium Value,High Risk
14482.0,17,6,2022.81,High Value,Low Risk
14483.0,149,2,129.2,Low Value,High Risk
14484.0,49,1,321.92,Low Value,Medium Risk
14485.0,38,1,162.8,Low Value,Medium Risk
14487.0,26,7,1152.73,High Value,Low Risk
14488.0,50,2,1047.43,Medium Value,Medium Risk
14489.0,206,1,463.38,Medium Value,High Risk
14491.0,174,2,340.93,Low Value,High Risk
14493.0,6,7,2362.84,High Value,Low Risk
14494.0,25,1,139.56,Low Value,Low Risk
14495.0,50,2,123.8,Low Value,Medium Risk
14496.0,311,2,538.8100000000001,Medium Value,High Risk
14497.0,300,2,457.47,Medium Value,High Risk
14498.0,42,5,1957.32,High Value,Medium Risk
14499.0,25,3,808.44,Medium Value,Low Risk
14500.0,87,3,356.85,Low Value,Medium Risk
14501.0,63,3,190.31,Low Value,Medium Risk
14502.0,19,14,2310.18,High Value,Low Risk
14503.0,2,6,3543.26,High Value,Low Risk
14504.0,46,4,673.26,Medium Value,Medium Risk
14505.0,16,11,5772.49,High Value,Low Risk
14506.0,16,5,1960.65,High Value,Low Risk
14507.0,23,7,1352.88,High Value,Low Risk
14508.0,21,2,268.05,Low Value,Low Risk
14511.0,10,6,1267.4099999999999,High Value,Low Risk
14512.0,187,2,275.28,Low Value,High Risk
14513.0,100,4,438.49,Medium Value,High Risk
14514.0,60,3,990.2,Medium Value,Medium Risk
14515.0,17,6,2076.89,High Value,Low Risk
14517.0,32,2,330.45,Low Value,Medium Risk
14518.0,63,1,174.37,Low Value,Medium Risk
14520.0,1,2,270.6,Low Value,Low Risk
14522.0,23,4,974.54,Medium Value,Low Risk
14523.0,107,1,241.09,Low Value,High Risk
14524.0,31,9,1843.83,High Value,Medium Risk
14525.0,8,13,4105.07,High Value,Low Risk
14527.0,2,86,7709.69,High Value,Low Risk
14528.0,36,1,364.21999999999997,Low Value,Medium Risk
14529.0,59,3,578.61,Medium Value,Medium Risk
14530.0,25,6,2862.11,High Value,Low Risk
14532.0,235,4,932.85,Medium Value,High Risk
14533.0,24,9,1812.6200000000001,High Value,Low Risk
14534.0,2,25,4025.6,High Value,Low Risk
14535.0,58,4,2831.7400000000002,High Value,Medium Risk
14536.0,259,1,170.95,Low Value,High Risk
14537.0,57,1,355.56,Low Value,Medium Risk
14538.0,64,2,388.25,Medium Value,Medium Risk
14539.0,15,2,537.48,Medium Value,Low Risk
14540.0,9,3,952.66,Medium Value,Low Risk
14541.0,58,8,1453.35,High Value,Medium Risk
14542.0,185,1,103.25,Low Value,High Risk
14543.0,3,21,2916.17,High Value,Low Risk
14544.0,23,2,2004.3,High Value,Low Risk
14546.0,3,9,2482.86,High Value,Low Risk
14547.0,3,9,3953.9500000000003,High Value,Low Risk
14548.0,150,2,652.8,Medium Value,High Risk
14549.0,310,1,289.24,Low Value,High Risk
14550.0,10,2,757.37,Medium Value,Low Risk
14551.0,17,2,186.23,Low Value,Low Risk
14552.0,151,1,164.22,Low Value,High Risk
14553.0,18,5,859.27,Medium Value,Low Risk
14554.0,9,4,2279.4900000000002,High Value,Low Risk
14555.0,56,2,312.54,Low Value,Medium Risk
14557.0,63,2,0.0,Low Value,Medium Risk
14560.0,6,24,2174.18,High Value,Low Risk
14561.0,75,3,1080.76,Medium Value,Medium Risk
14562.0,3,22,4676.62,High Value,Low Risk
14565.0,95,6,3073.77,High Value,High Risk
14566.0,110,1,1432.0,High Value,High Risk
14567.0,34,3,1524.46,High Value,Medium Risk
14569.0,0,1,227.39,Low Value,Low Risk
14570.0,280,2,218.06,Low Value,High Risk
14572.0,2,10,2775.39,High Value,Low Risk
14573.0,179,13,1590.12,High Value,High Risk
14576.0,371,1,35.400000000000006,Low Value,
14577.0,12,4,859.71,Medium Value,Low Risk
14578.0,2,1,168.63,Low Value,Low Risk
14581.0,16,1,138.6,Low Value,Low Risk
14582.0,40,1,114.11,Low Value,Medium Risk
14583.0,5,5,986.96,Medium Value,Low Risk
14584.0,168,5,1020.06,Medium Value,High Risk
14585.0,49,1,157.05,Low Value,Medium Risk
14586.0,226,3,134.16,Low Value,High Risk
14587.0,18,10,1577.39,High Value,Low Risk
14589.0,371,1,39.75,Low Value,
14591.0,14,4,1320.21,High Value,Low Risk
14592.0,34,3,557.94,Medium Value,Medium Risk
14593.0,21,3,617.15,Medium Value,Low Risk
14594.0,6,2,363.33,Low Value,Low Risk
14595.0,19,6,1740.6,High Value,Low Risk
14597.0,10,2,866.24,Medium Value,Low Risk
14598.0,43,1,221.97,Low Value,Medium Risk
14600.0,305,1,393.33000000000004,Medium Value,High Risk
14601.0,10,1,213.96,Low Value,Low Risk
14603.0,274,1,660.0,Medium Value,High Risk
14606.0,0,128,11633.35,High Value,Low Risk
14607.0,15,17,10981.1,High Value,Low Risk
14608.0,3,4,1785.15,High Value,Low Risk
14609.0,71,4,601.56,Medium Value,Medium Risk
14616.0,242,3,406.08000000000004,Medium Value,High Risk
14618.0,8,4,538.59,Medium Value,Low Risk
14619.0,238,2,379.51,Medium Value,High Risk
14620.0,203,3,393.28000000000003,Medium Value,High Risk
14621.0,0,6,1765.76,High Value,Low Risk
14622.0,184,1,320.58000000000004,Low Value,High Risk
14623.0,31,6,866.8000000000001,Medium Value,Medium Risk
14624.0,56,2,225.85,Low Value,Medium Risk
14625.0,184,5,848.48,Medium Value,High Risk
14626.0,8,7,2757.07,High Value,Low Risk
14627.0,311,1,-21.85,Low Value,High Risk
14628.0,90,2,671.96,Medium Value,Medium Risk
14629.0,3,3,935.46,Medium Value,Low Risk
14631.0,50,3,1006.98,Medium Value,Medium Risk
14632.0,262,1,114.56,Low Value,High Risk
14633.0,265,1,344.90000000000003,Low Value,High Risk
14636.0,35,2,609.85,Medium Value,Medium Risk
14638.0,50,1,443.6,Medium Value,Medium Risk
14639.0,51,8,2952.34,High Value,Medium Risk
14640.0,15,8,2024.45,High Value,Low Risk
14641.0,21,1,110.46,Low Value,Low Risk
14642.0,58,1,96.12,Low Value,Medium Risk
14643.0,169,3,668.61,Medium Value,High Risk
14644.0,8,4,780.46,Medium Value,Low Risk
14645.0,156,2,597.09,Medium Value,High Risk
14646.0,1,77,279489.02,High Value,Low Risk
14647.0,200,1,236.04000000000002,Low Value,High Risk
14649.0,4,4,1402.59,High Value,Low Risk
14651.0,66,2,653.75,Medium Value,Medium Risk
14652.0,76,1,114.18,Low Value,Medium Risk
14653.0,0,7,1926.65,High Value,Low Risk
14655.0,3,5,1930.15,High Value,Low Risk
14656.0,168,2,291.05,Low Value,High Risk
14657.0,17,5,838.27,Medium Value,Low Risk
14658.0,4,2,247.15,Low Value,Low Risk
14659.0,8,12,2456.53,High Value,Low Risk
14660.0,86,2,285.74,Low Value,Medium Risk
14661.0,26,1,107.95,Low Value,Low Risk
14662.0,28,4,741.37,Medium Value,Low Risk
14664.0,19,2,636.24,Medium Value,Low Risk
14665.0,60,7,1258.38,High Value,Medium Risk
14666.0,23,1,195.25,Low Value,Low Risk
14667.0,10,27,9165.04,High Value,Low Risk
14669.0,241,3,1259.24,High Value,High Risk
14670.0,279,2,392.86,Medium Value,High Risk
14672.0,234,2,765.55,Medium Value,High Risk
14673.0,2,5,1736.4,High Value,Low Risk
14675.0,15,1,596.36,Medium Value,Low Risk
14676.0,30,8,2543.2400000000002,High Value,Low Risk
14679.0,371,1,-2.55,Low Value,
14680.0,24,23,26932.34,High Value,Low Risk
14681.0,70,3,498.95,Medium Value,Medium Risk
14682.0,187,2,52.0,Low Value,High Risk
14684.0,25,5,1201.51,High Value,Low Risk
14687.0,106,1,628.38,Medium Value,High Risk
14688.0,7,27,5055.61,High Value,Low Risk
14689.0,208,1,112.8,Low Value,High Risk
14690.0,43,3,341.96,Low Value,Medium Risk
14691.0,30,5,2114.33,High Value,Low Risk
14692.0,136,5,582.05,Medium Value,High Risk
14693.0,264,1,172.9,Low Value,High Risk
14696.0,3,9,2070.97,High Value,Low Risk
14697.0,217,2,188.60999999999999,Low Value,High Risk
14698.0,1,5,1217.27,High Value,Low Risk
14699.0,213,1,109.13000000000001,Low Value,High Risk
14700.0,31,3,2195.1,High Value,Medium Risk
14701.0,10,12,2462.94,High Value,Low Risk
14702.0,0,18,3210.29,High Value,Low Risk
14703.0,14,1,318.17,Low Value,Low Risk
14704.0,10,9,1493.96,High Value,Low Risk
14705.0,198,1,179.0,Low Value,High Risk
14708.0,2,4,1096.67,Medium Value,Low Risk
14709.0,14,14,4911.14,High Value,Low Risk
14710.0,13,4,599.48,Medium Value,Low Risk
14711.0,9,12,2809.02,High Value,Low Risk
14712.0,28,3,917.07,Medium Value,Low Risk
14713.0,8,12,2660.1,High Value,Low Risk
14714.0,23,1,160.19,Low Value,Low Risk
14715.0,24,4,867.38,Medium Value,Low Risk
14716.0,42,2,307.51,Low Value,Medium Risk
14719.0,1,6,1571.89,High Value,Low Risk
14720.0,5,3,663.81,Medium Value,Low Risk
14722.0,146,1,180.42000000000002,Low Value,High Risk
14723.0,9,6,1122.3600000000001,Medium Value,Low Risk
14725.0,24,1,655.58,Medium Value,Low Risk
14727.0,273,1,268.58,Low Value,High Risk
14729.0,373,1,313.49,Low Value,
14730.0,0,8,1897.57,High Value,Low Risk
14731.0,46,3,380.02,Medium Value,Medium Risk
14732.0,7,10,2686.34,High Value,Low Risk
14733.0,8,15,9451.54,High Value,Low Risk
14735.0,3,34,5807.6900000000005,High Value,Low Risk
14737.0,3,3,1164.55,High Value,Low Risk
14738.0,38,9,1289.94,High Value,Medium Risk
14739.0,1,8,3899.1,High Value,Low Risk
14740.0,190,4,1423.21,High Value,High Risk
14741.0,11,6,1400.34,High Value,Low Risk
14744.0,15,9,1088.53,Medium Value,Low Risk
14745.0,112,6,1167.16,High Value,High Risk
14747.0,247,2,294.3,Low Value,High Risk
14748.0,28,6,1311.79,High Value,Low Risk
14752.0,43,1,389.64,Medium Value,Medium Risk
14753.0,86,1,563.15,Medium Value,Medium Risk
14754.0,44,2,638.05,Medium Value,Medium Risk
14755.0,9,12,4965.38,High Value,Low Risk
14756.0,14,1,738.96,Medium Value,Low Risk
14757.0,74,1,420.5,Medium Value,Medium Risk
14758.0,144,4,1484.06,High Value,High Risk
14759.0,4,3,1625.97,High Value,Low Risk
14760.0,293,2,53.8,Low Value,High Risk
14761.0,58,2,255.9,Low Value,Medium Risk
14762.0,263,1,300.52,Low Value,High Risk
14764.0,43,2,250.55,Low Value,Medium Risk
14765.0,28,3,254.11,Low Value,Low Risk
14766.0,7,8,2423.07,High Value,Low Risk
14768.0,16,3,139.5,Low Value,Low Risk
14769.0,2,10,10383.83,High Value,Low Risk
14770.0,231,2,876.42,Medium Value,High Risk
14772.0,111,1,139.26,Low Value,High Risk
14775.0,57,3,1011.9,Medium Value,Medium Risk
14776.0,50,13,2195.58,High Value,Medium Risk
14777.0,3,2,-17.45,Low Value,Low Risk
14778.0,126,2,730.86,Medium Value,High Risk
14779.0,280,3,386.15,Medium Value,High Risk
14780.0,54,2,447.68,Medium Value,Medium Risk
14782.0,319,1,200.10000000000002,Low Value,High Risk
14784.0,25,2,289.99,Low Value,Low Risk
14785.0,9,2,77.4,Low Value,Low Risk
14788.0,6,2,679.4399999999999,Medium Value,Low Risk
14789.0,28,1,197.64,Low Value,Low Risk
14790.0,16,4,745.06,Medium Value,Low Risk
14792.0,63,2,0.0,Low Value,Medium Risk
14793.0,3,2,214.14,Low Value,Low Risk
14794.0,2,9,1272.11,High Value,Low Risk
14795.0,165,1,131.45000000000002,Low Value,High Risk
14796.0,0,27,7792.51,High Value,Low Risk
14798.0,52,3,173.74,Low Value,Medium Risk
14799.0,50,1,157.7,Low Value,Medium Risk
14800.0,47,16,4228.39,High Value,Medium Risk
14801.0,60,1,189.34,Low Value,Medium Risk
14803.0,161,3,845.55,Medium Value,High Risk
14804.0,8,1,353.27,Low Value,Low Risk
14805.0,14,4,546.4,Medium Value,Low Risk
14806.0,74,1,193.39000000000001,Low Value,Medium Risk
14808.0,39,15,2152.8,High Value,Medium Risk
14810.0,40,11,2085.33,High Value,Medium Risk
14813.0,369,2,152.88,Low Value,
14815.0,36,2,778.5,Medium Value,Medium Risk
14816.0,196,1,271.85,Low Value,High Risk
14817.0,199,2,1110.34,Medium Value,High Risk
14818.0,73,3,657.8,Medium Value,Medium Risk
14819.0,63,2,272.07,Low Value,Medium Risk
14820.0,20,4,507.29,Medium Value,Low Risk
14821.0,366,1,48.800000000000004,Low Value,
14823.0,179,3,321.43,Low Value,High Risk
14824.0,9,4,1127.71,Medium Value,Low Risk
14825.0,3,12,2221.01,High Value,Low Risk
14828.0,196,3,2139.76,High Value,High Risk
14829.0,28,6,644.65,Medium Value,Low Risk
14830.0,52,1,188.88,Low Value,Medium Risk
14834.0,17,8,1698.35,High Value,Low Risk
14836.0,9,3,102.44999999999999,Low Value,Low Risk
14837.0,89,5,1641.2,High Value,Medium Risk
14840.0,267,1,62.85,Low Value,High Risk
14841.0,52,6,3295.76,High Value,Medium Risk
14842.0,34,8,2456.8,High Value,Medium Risk
14844.0,63,4,3189.81,High Value,Medium Risk
14847.0,148,1,309.4,Low Value,High Risk
14849.0,21,28,7904.28,High Value,Low Risk
14850.0,311,2,278.15,Low Value,High Risk
14851.0,22,2,511.35,Medium Value,Low Risk
14852.0,57,6,2836.69,High Value,Medium Risk
14853.0,8,3,463.05,Medium Value,Low Risk
14854.0,77,8,2730.09,High Value,Medium Risk
14855.0,118,2,645.65,Medium Value,High Risk
14856.0,35,3,1290.53,High Value,Medium Risk
14857.0,59,3,1165.65,High Value,Medium Risk
14859.0,12,5,1352.04,High Value,Low Risk
14860.0,8,2,168.62,Low Value,Low Risk
14861.0,51,1,125.79,Low Value,Medium Risk
14862.0,25,2,841.1999999999999,Medium Value,Low Risk
14863.0,28,1,266.76,Low Value,Low Risk
14865.0,6,2,52.2,Low Value,Low Risk
14866.0,10,13,14197.45,High Value,Low Risk
14867.0,185,4,701.33,Medium Value,High Risk
14868.0,2,9,2939.64,High Value,Low Risk
14869.0,3,3,717.7,Medium Value,Low Risk
14870.0,261,1,327.25,Low Value,High Risk
14871.0,2,4,501.28000000000003,Medium Value,Low Risk
14873.0,209,1,519.68,Medium Value,High Risk
14875.0,8,5,1448.72,High Value,Low Risk
14878.0,12,9,1476.09,High Value,Low Risk
14880.0,76,3,690.59,Medium Value,Medium Risk
14881.0,19,1,255.4,Low Value,Low Risk
14882.0,26,2,589.7,Medium Value,Low Risk
14883.0,18,7,756.64,Medium Value,Low Risk
14885.0,131,1,765.3199999999999,Medium Value,High Risk
14886.0,252,1,364.8,Low Value,High Risk
14887.0,78,1,1862.0,High Value,Medium Risk
14888.0,206,1,369.2,Low Value,High Risk
14889.0,335,1,135.9,Low Value,High Risk
14890.0,253,1,125.65,Low Value,High Risk
14891.0,147,2,554.38,Medium Value,High Risk
14893.0,9,2,1237.8500000000001,High Value,Low Risk
14894.0,84,1,655.75,Medium Value,Medium Risk
14895.0,7,24,11020.26,High Value,Low Risk
14896.0,204,2,468.77000000000004,Medium Value,High Risk
14897.0,7,4,1366.38,High Value,Low Risk
14898.0,22,8,1194.11,High Value,Low Risk
14901.0,10,10,1414.99,High Value,Low Risk
14902.0,20,2,314.11,Low Value,Low Risk
14903.0,20,10,2729.18,High Value,Low Risk
14904.0,1,2,1025.44,Medium Value,Low Risk
14905.0,153,3,599.9,Medium Value,High Risk
14907.0,2,10,3478.85,High Value,Low Risk
14908.0,73,1,277.8,Low Value,Medium Risk
14910.0,2,7,389.86,Medium Value,Low Risk
14911.0,0,248,132458.73,High Value,Low Risk
14912.0,16,3,841.52,Medium Value,Low Risk
14913.0,35,4,1227.43,High Value,Medium Risk
14915.0,85,3,258.83,Low Value,Medium Risk
14916.0,70,5,1264.84,High Value,Medium Risk
14918.0,115,2,1610.15,High Value,High Risk
14920.0,212,2,977.77,Medium Value,High Risk
14921.0,29,2,1316.07,High Value,Low Risk
14923.0,50,1,749.1,Medium Value,Medium Risk
14924.0,245,1,310.05,Low Value,High Risk
14929.0,31,1,223.88,Low Value,Medium Risk
14930.0,108,3,2362.96,High Value,High Risk
14931.0,4,6,964.6800000000001,Medium Value,Low Risk
14932.0,365,1,363.53,Low Value,High Risk
14934.0,72,3,1888.84,High Value,Medium Risk
14935.0,296,1,1784.71,High Value,High Risk
14936.0,8,9,8117.42,High Value,Low Risk
14937.0,56,4,1617.63,High Value,Medium Risk
14944.0,29,14,5842.95,High Value,Low Risk
14946.0,13,1,100.9,Low Value,Low Risk
14947.0,71,2,290.82,Low Value,Medium Risk
14948.0,22,7,1066.57,Medium Value,Low Risk
14950.0,8,2,361.25,Low Value,Low Risk
14951.0,78,1,311.69,Low Value,Medium Risk
14952.0,45,15,7912.79,High Value,Medium Risk
14953.0,24,1,285.67,Low Value,Low Risk
14954.0,11,1,294.85,Low Value,Low Risk
14957.0,252,1,58.49,Low Value,High Risk
14958.0,146,3,483.72999999999996,Medium Value,High Risk
14959.0,58,5,684.97,Medium Value,Medium Risk
14960.0,7,2,221.27,Low Value,Low Risk
14961.0,10,12,7006.58,High Value,Low Risk
14962.0,270,1,126.7,Low Value,High Risk
14963.0,9,5,1472.34,High Value,Low Risk
14964.0,246,1,206.21,Low Value,High Risk
14965.0,95,2,596.09,Medium Value,High Risk
14966.0,14,1,183.02,Low Value,Low Risk
14967.0,49,1,463.8,Medium Value,Medium Risk
14968.0,29,1,147.59,Low Value,Low Risk
14970.0,67,4,1592.06,High Value,Medium Risk
14971.0,34,3,1097.98,Medium Value,Medium Risk
14972.0,127,1,114.77,Low Value,High Risk
14973.0,106,3,1314.45,High Value,High Risk
14974.0,36,1,89.94,Low Value,Medium Risk
14975.0,56,1,279.94,Low Value,Medium Risk
14976.0,56,8,765.86,Medium Value,Medium Risk
14978.0,71,5,1921.3700000000001,High Value,Medium Risk
14981.0,245,1,102.12,Low Value,High Risk
14984.0,18,2,202.37,Low Value,Low Risk
14985.0,197,2,292.01,Low Value,High Risk
14987.0,15,2,326.4,Low Value,Low Risk
14988.0,211,1,334.54,Low Value,High Risk
14995.0,38,2,231.98000000000002,Low Value,Medium Risk
14997.0,45,4,540.98,Medium Value,Medium Risk
14998.0,169,2,414.87,Medium Value,High Risk
15000.0,47,1,490.52,Medium Value,Medium Risk
15002.0,115,4,1641.76,High Value,High Risk
15004.0,146,1,1220.77,High Value,High Risk
15005.0,15,35,6160.54,High Value,Low Risk
15006.0,50,1,480.38,Medium Value,Medium Risk
15007.0,158,1,156.91,Low Value,High Risk
15009.0,11,3,1259.43,High Value,Low Risk
15010.0,35,1,308.94,Low Value,Medium Risk
15012.0,53,2,405.04,Medium Value,Medium Risk
15014.0,42,2,257.67,Low Value,Medium Risk
15016.0,172,1,170.04,Low Value,High Risk
15017.0,33,1,125.58,Low Value,Medium Risk
15018.0,38,4,456.26,Medium Value,Medium Risk
15019.0,266,1,252.81,Low Value,High Risk
15021.0,8,13,1829.23,High Value,Low Risk
15022.0,11,4,852.39,Medium Value,Low Risk
15023.0,2,12,6680.81,High Value,Low Risk
15024.0,9,10,1636.43,High Value,Low Risk
15025.0,32,1,361.96,Low Value,Medium Risk
15026.0,79,3,469.0,Medium Value,Medium Risk
15027.0,30,6,1051.95,Medium Value,Low Risk
15028.0,7,4,627.13,Medium Value,Low Risk
15030.0,71,2,518.28,Medium Value,Medium Risk
15031.0,3,4,653.19,Medium Value,Low Risk
15032.0,255,5,4464.1,High Value,High Risk
15033.0,4,11,2541.53,High Value,Low Risk
15034.0,15,11,4243.21,High Value,Low Risk
15035.0,89,1,252.73000000000002,Low Value,Medium Risk
15036.0,71,3,429.56,Medium Value,Medium Risk
15038.0,42,7,645.84,Medium Value,Medium Risk
15039.0,9,52,19638.59,High Value,Low Risk
15041.0,169,1,179.93,Low Value,High Risk
15042.0,198,1,135.93,Low Value,High Risk
15043.0,30,1,537.0,Medium Value,Low Risk
15044.0,18,22,7563.88,High Value,Low Risk
15045.0,151,3,633.66,Medium Value,High Risk
15046.0,8,16,4940.66,High Value,Low Risk
15047.0,269,1,343.62,Low Value,High Risk
15048.0,64,5,377.52,Medium Value,Medium Risk
15049.0,273,1,121.17000000000002,Low Value,High Risk
15050.0,24,5,1682.77,High Value,Low Risk
15051.0,22,3,1383.3600000000001,High Value,Low Risk
15052.0,318,1,207.73000000000002,Low Value,High Risk
15053.0,4,3,693.95,Medium Value,Low Risk
15054.0,11,2,302.1,Low Value,Low Risk
15057.0,274,2,1489.5,High Value,High Risk
15058.0,24,11,2102.54,High Value,Low Risk
15059.0,40,11,1325.82,High Value,Medium Risk
15060.0,7,4,294.25,Low Value,Low Risk
15061.0,3,55,54228.74,High Value,Low Risk
15062.0,70,4,987.86,Medium Value,Medium Risk
15063.0,212,1,370.79999999999995,Low Value,High Risk
15065.0,37,6,3135.98,High Value,Medium Risk
15066.0,31,2,760.59,Medium Value,Medium Risk
15067.0,77,3,1744.76,High Value,Medium Risk
15068.0,45,2,553.36,Medium Value,Medium Risk
15069.0,178,1,1109.53,Medium Value,High Risk
15070.0,372,1,106.2,Low Value,
15071.0,93,2,982.07,Medium Value,High Risk
15073.0,9,4,612.43,Medium Value,Low Risk
15074.0,104,1,735.67,Medium Value,High Risk
15075.0,77,1,773.03,Medium Value,Medium Risk
15076.0,172,1,880.85,Medium Value,High Risk
15078.0,6,38,9623.35,High Value,Low Risk
15079.0,212,5,893.66,Medium Value,High Risk
15081.0,21,6,487.35,Medium Value,Low Risk
15083.0,256,1,88.2,Low Value,High Risk
15087.0,281,1,306.94,Low Value,High Risk
15088.0,20,3,1140.27,High Value,Low Risk
15089.0,9,6,2420.84,High Value,Low Risk
15090.0,307,1,381.32,Medium Value,High Risk
15091.0,53,2,476.96,Medium Value,Medium Risk
15092.0,214,2,457.81,Medium Value,High Risk
15093.0,17,9,4410.14,High Value,Low Risk
15095.0,103,5,1364.7,High Value,High Risk
15096.0,42,1,219.39000000000001,Low Value,Medium Risk
15097.0,3,1,248.08,Low Value,Low Risk
15098.0,181,5,649.5,Medium Value,High Risk
15099.0,83,1,410.48,Medium Value,Medium Risk
15100.0,329,6,635.1,Medium Value,High Risk
15101.0,8,3,310.03,Low Value,Low Risk
15103.0,30,2,703.36,Medium Value,Low Risk
15104.0,166,3,968.64,Medium Value,High Risk
15105.0,17,7,2298.93,High Value,Low Risk
15106.0,17,7,1407.73,High Value,Low Risk
15107.0,310,8,247.66,Low Value,High Risk
15108.0,141,5,1291.75,High Value,High Risk
15109.0,240,2,463.75,Medium Value,High Risk
15110.0,23,7,973.2,Medium Value,Low Risk
15111.0,28,3,1567.48,High Value,Low Risk
15113.0,9,4,3339.5099999999998,High Value,Low Risk
15114.0,29,10,2760.56,High Value,Low Risk
15115.0,17,1,340.11,Low Value,Low Risk
15116.0,17,4,1352.75,High Value,Low Risk
15117.0,14,6,1550.13,High Value,Low Risk
15118.0,133,1,244.8,Low Value,High Risk
15119.0,245,1,266.4,Low Value,High Risk
15120.0,129,2,343.82,Low Value,High Risk
15121.0,49,2,457.72,Medium Value,Medium Risk
15122.0,84,6,1612.13,High Value,Medium Risk
15123.0,6,2,2199.31,High Value,Low Risk
15124.0,22,2,184.19,Low Value,Low Risk
15125.0,24,23,11117.05,High Value,Low Risk
15127.0,65,1,406.53,Medium Value,Medium Risk
15128.0,59,8,1419.54,High Value,Medium Risk
15129.0,49,11,3447.4,High Value,Medium Risk
15130.0,169,1,330.11,Low Value,High Risk
15132.0,17,5,977.9300000000001,Medium Value,Low Risk
15133.0,127,3,982.42,Medium Value,High Risk
15134.0,14,8,1387.99,High Value,Low Risk
15135.0,232,2,127.15,Low Value,High Risk
15136.0,2,5,1282.45,High Value,Low Risk
15139.0,239,2,178.96,Low Value,High Risk
15140.0,51,8,2350.0,High Value,Medium Risk
15142.0,45,1,498.74,Medium Value,Medium Risk
15143.0,225,1,259.45,Low Value,High Risk
15144.0,7,18,6530.04,High Value,Low Risk
15145.0,3,4,1194.73,High Value,Low Risk
15146.0,164,3,1313.66,High Value,High Risk
15147.0,218,2,608.65,Medium Value,High Risk
15148.0,10,1,301.29,Low Value,Low Risk
15149.0,133,1,520.8000000000001,Medium Value,High Risk
15150.0,16,11,5280.83,High Value,Low Risk
15152.0,9,16,4684.24,High Value,Low Risk
15153.0,30,1,329.25,Low Value,Low Risk
15154.0,73,2,224.73,Low Value,Medium Risk
15156.0,0,3,961.49,Medium Value,Low Risk
15157.0,3,5,1869.5,High Value,Low Risk
15158.0,44,1,401.40000000000003,Medium Value,Medium Risk
15159.0,1,34,18573.68,High Value,Low Risk
15160.0,356,1,158.16,Low Value,High Risk
15163.0,17,2,304.47,Low Value,Low Risk
15164.0,68,3,824.58,Medium Value,Medium Risk
15165.0,372,1,487.75,Medium Value,
15167.0,320,1,158.8,Low Value,High Risk
15168.0,25,1,106.56,Low Value,Low Risk
15171.0,324,2,1034.5,Medium Value,High Risk
15172.0,8,5,1624.05,High Value,Low Risk
15174.0,322,1,135.75,Low Value,High Risk
15175.0,71,1,224.14,Low Value,Medium Risk
15178.0,259,1,40.5,Low Value,High Risk
15179.0,17,7,2186.2,High Value,Low Risk
15180.0,366,1,87.5,Low Value,
15181.0,65,5,680.28,Medium Value,Medium Risk
15182.0,153,2,622.85,Medium Value,High Risk
15184.0,28,2,402.2,Medium Value,Low Risk
15185.0,69,1,310.62,Low Value,Medium Risk
15186.0,13,2,411.41,Medium Value,Low Risk
15187.0,1,18,4670.08,High Value,Low Risk
15189.0,0,53,15802.14,High Value,Low Risk
15192.0,119,3,1044.32,Medium Value,High Risk
15193.0,60,1,499.32,Medium Value,Medium Risk
15194.0,2,22,7521.17,High Value,Low Risk
15195.0,2,1,3861.0,High Value,Low Risk
15197.0,8,5,656.44,Medium Value,Low Risk
15198.0,91,2,193.64,Low Value,High Risk
15199.0,58,4,1268.7,High Value,Medium Risk
15201.0,78,11,927.84,Medium Value,Medium Risk
15203.0,25,6,1827.8,High Value,Low Risk
15204.0,356,1,316.58,Low Value,High Risk
15205.0,84,3,648.8299999999999,Medium Value,Medium Risk
15206.0,9,4,420.29999999999995,Medium Value,Low Risk
15208.0,0,6,867.62,Medium Value,Low Risk
15210.0,224,1,331.18,Low Value,High Risk
15211.0,59,2,894.4100000000001,Medium Value,Medium Risk
15212.0,238,2,88.94999999999999,Low Value,High Risk
15213.0,318,3,325.05,Low Value,High Risk
15214.0,1,8,1661.44,High Value,Low Risk
15215.0,44,6,615.99,Medium Value,Medium Risk
15216.0,87,1,96.6,Low Value,Medium Risk
15218.0,10,11,5756.89,High Value,Low Risk
15219.0,175,1,305.75,Low Value,High Risk
15220.0,51,7,1758.92,High Value,Medium Risk
15221.0,365,2,114.1,Low Value,High Risk
15222.0,318,1,585.0,Medium Value,High Risk
15223.0,225,3,454.90000000000003,Medium Value,High Risk
15224.0,357,3,310.48,Low Value,High Risk
15225.0,233,1,409.40000000000003,Medium Value,High Risk
15226.0,310,1,154.41,Low Value,High Risk
15227.0,36,5,1219.4,High Value,Medium Risk
15228.0,65,5,3376.96,High Value,Medium Risk
15230.0,238,2,429.6,Medium Value,High Risk
15232.0,112,2,612.06,Medium Value,High Risk
15234.0,276,1,197.0,Low Value,High Risk
15235.0,217,12,2247.51,High Value,High Risk
15236.0,298,1,321.05,Low Value,High Risk
15237.0,1,4,1412.32,High Value,Low Risk
15238.0,28,5,1056.54,Medium Value,Low Risk
15239.0,9,3,764.34,Medium Value,Low Risk
15240.0,44,7,1685.57,High Value,Medium Risk
15241.0,66,9,1738.59,High Value,Medium Risk
15243.0,73,1,316.68,Low Value,Medium Risk
15244.0,64,2,631.57,Medium Value,Medium Risk
15245.0,133,3,2515.84,High Value,High Risk
15246.0,237,2,514.15,Medium Value,High Risk
15247.0,121,1,356.0,Low Value,High Risk
15249.0,31,15,6657.36,High Value,Medium Risk
15251.0,8,15,10327.11,High Value,Low Risk
15252.0,35,2,740.78,Medium Value,Medium Risk
15253.0,15,6,915.3,Medium Value,Low Risk
15254.0,126,1,300.36,Low Value,High Risk
15255.0,66,1,890.85,Medium Value,Medium Risk
15256.0,148,1,98.45,Low Value,High Risk
15257.0,280,2,232.14999999999998,Low Value,High Risk
15258.0,168,2,623.16,Medium Value,High Risk
15260.0,99,8,1780.77,High Value,High Risk
15261.0,134,1,254.82,Low Value,High Risk
15262.0,323,1,178.95000000000002,Low Value,High Risk
15263.0,106,1,156.51,Low Value,High Risk
15264.0,63,1,393.74,Medium Value,Medium Risk
15265.0,150,2,1506.1200000000001,High Value,High Risk
15266.0,337,1,119.3,Low Value,High Risk
15267.0,21,5,1717.36,High Value,Low Risk
15269.0,23,1,408.8,Medium Value,Low Risk
15270.0,15,9,2298.2,High Value,Low Risk
15271.0,6,16,2472.09,High Value,Low Risk
15272.0,56,2,721.94,Medium Value,Medium Risk
15274.0,3,2,716.57,Medium Value,Low Risk
15275.0,30,2,609.19,Medium Value,Low Risk
15276.0,65,1,128.63,Low Value,Medium Risk
15277.0,46,1,255.89999999999998,Low Value,Medium Risk
15279.0,354,2,277.40999999999997,Low Value,High Risk
15280.0,171,1,113.12,Low Value,High Risk
15281.0,58,12,2239.9500000000003,High Value,Medium Risk
15286.0,49,1,240.55,Low Value,Medium Risk
15287.0,21,3,485.24,Medium Value,Low Risk
15288.0,42,5,2306.52,High Value,Medium Risk
15289.0,28,4,935.1,Medium Value,Low Risk
15290.0,4,21,7803.7699999999995,High Value,Low Risk
15291.0,25,20,4596.51,High Value,Low Risk
15292.0,200,1,178.39,Low Value,High Risk
15296.0,43,10,3610.31,High Value,Medium Risk
15297.0,9,4,635.04,Medium Value,Low Risk
15298.0,1,14,3774.1,High Value,Low Risk
15299.0,66,11,3787.09,High Value,Medium Risk
15300.0,63,1,496.44,Medium Value,Medium Risk
15301.0,50,14,5007.72,High Value,Medium Risk
15303.0,289,1,574.02,Medium Value,High Risk
15304.0,60,10,680.3,Medium Value,Medium Risk
15306.0,63,3,1174.35,High Value,Medium Risk
15307.0,95,1,205.3,Low Value,High Risk
15308.0,270,2,302.27,Low Value,High Risk
15311.0,0,118,59284.19,High Value,Low Risk
15312.0,74,5,921.1,Medium Value,Medium Risk
15313.0,109,1,52.0,Low Value,High Risk
15314.0,198,1,327.97,Low Value,High Risk
15315.0,63,3,551.54,Medium Value,Medium Risk
15316.0,326,1,165.0,Low Value,High Risk
15318.0,3,1,312.62,Low Value,Low Risk
15319.0,283,1,204.5,Low Value,High Risk
15320.0,43,1,267.13,Low Value,Medium Risk
15321.0,48,4,2663.48,High Value,Medium Risk
15322.0,63,2,602.97,Medium Value,Medium Risk
15325.0,103,1,161.74,Low Value,High Risk
15326.0,333,1,311.71,Low Value,High Risk
15327.0,52,1,208.75,Low Value,Medium Risk
15329.0,34,5,1005.5,Medium Value,Medium Risk
15330.0,31,2,714.96,Medium Value,Medium Risk
15332.0,365,4,1661.06,High Value,High Risk
15333.0,207,1,1028.56,Medium Value,High Risk
15334.0,156,3,350.82,Low Value,High Risk
15335.0,53,1,170.22,Low Value,Medium Risk
15339.0,65,3,557.57,Medium Value,Medium Risk
15341.0,80,1,2020.52,High Value,Medium Risk
15342.0,115,2,391.76,Medium Value,High Risk
15343.0,86,1,364.5,Low Value,Medium Risk
15344.0,0,5,476.58,Medium Value,Low Risk
15345.0,34,2,367.69,Low Value,Medium Risk
15346.0,332,1,252.42000000000002,Low Value,High Risk
15347.0,365,1,201.60000000000002,Low Value,High Risk
15348.0,71,1,158.04,Low Value,Medium Risk
15349.0,157,2,463.90999999999997,Medium Value,High Risk
15350.0,372,1,115.65,Low Value,
15351.0,11,10,1836.69,High Value,Low Risk
15353.0,254,2,770.12,Medium Value,High Risk
15355.0,28,2,277.05,Low Value,Low Risk
15356.0,30,10,2718.03,High Value,Low Risk
15358.0,4,29,8235.65,High Value,Low Risk
15360.0,39,1,427.93,Medium Value,Medium Risk
15361.0,361,1,418.92,Medium Value,High Risk
15363.0,240,2,318.05,Low Value,High Risk
15364.0,95,2,913.19,Medium Value,High Risk
15365.0,25,9,1330.45,High Value,Low Risk
15366.0,74,2,602.51,Medium Value,Medium Risk
15367.0,56,5,1867.69,High Value,Medium Risk
15368.0,20,1,446.94000000000005,Medium Value,Low Risk
15369.0,143,1,-1592.49,Low Value,High Risk
15370.0,40,8,2360.55,High Value,Medium Risk
15372.0,136,1,2007.3999999999999,High Value,High Risk
15373.0,7,13,2213.11,High Value,Low Risk
15374.0,128,1,168.0,Low Value,High Risk
15376.0,39,3,1221.56,High Value,Medium Risk
15379.0,168,8,3631.8900000000003,High Value,High Risk
15380.0,8,6,1682.3600000000001,High Value,Low Risk
15381.0,213,2,596.85,Medium Value,High Risk
15382.0,14,8,5927.86,High Value,Low Risk
15384.0,169,3,635.76,Medium Value,High Risk
15385.0,39,1,316.88,Low Value,Medium Risk
15386.0,185,1,394.14,Medium Value,High Risk
15388.0,269,1,140.54,Low Value,High Risk
15389.0,171,1,500.0,Medium Value,High Risk
15392.0,4,5,1515.73,High Value,Low Risk
15393.0,15,2,231.86,Low Value,Low Risk
15394.0,9,4,2183.54,High Value,Low Risk
15395.0,325,1,107.45,Low Value,High Risk
15396.0,112,1,288.18,Low Value,High Risk
15397.0,289,1,94.0,Low Value,High Risk
15398.0,15,3,1339.63,High Value,Low Risk
15399.0,0,3,815.77,Medium Value,Low Risk
15400.0,91,6,666.7,Medium Value,High Risk
15402.0,148,2,626.77,Medium Value,High Risk
15405.0,188,1,349.1,Low Value,High Risk
15406.0,17,4,426.61,Medium Value,Low Risk
15407.0,33,4,1046.74,Medium Value,Medium Risk
15408.0,263,1,267.18,Low Value,High Risk
15410.0,83,8,3450.84,High Value,Medium Risk
15411.0,25,5,1336.43,High Value,Low Risk
15412.0,170,1,190.53,Low Value,High Risk
15414.0,9,3,774.9000000000001,Medium Value,Low Risk
15415.0,312,1,559.61,Medium Value,High Risk
15416.0,64,5,3974.37,High Value,Medium Risk
15417.0,84,1,508.8,Medium Value,Medium Risk
15419.0,24,1,135.86,Low Value,Low Risk
15421.0,58,4,950.36,Medium Value,Medium Risk
15422.0,322,2,97.7,Low Value,High Risk
15423.0,37,1,43.5,Low Value,Medium Risk
15424.0,253,2,383.34,Medium Value,High Risk
15426.0,18,7,1386.58,High Value,Low Risk
15427.0,32,3,1430.54,High Value,Medium Risk
15428.0,14,1,93.78,Low Value,Low Risk
15429.0,26,3,364.90000000000003,Low Value,Low Risk
15432.0,22,1,171.19,Low Value,Low Risk
15433.0,78,3,417.87,Medium Value,Medium Risk
15434.0,7,6,997.48,Medium Value,Low Risk
15435.0,21,1,149.29,Low Value,Low Risk
15436.0,11,3,1067.75,Medium Value,Low Risk
15437.0,261,1,200.16,Low Value,High Risk
15438.0,130,1,156.57999999999998,Low Value,High Risk
15440.0,54,3,383.68,Medium Value,Medium Risk
15442.0,248,1,594.0,Medium Value,High Risk
15443.0,1,8,3188.84,High Value,Low Risk
15444.0,8,2,1411.21,High Value,Low Risk
15445.0,263,1,113.5,Low Value,High Risk
15447.0,330,1,155.17,Low Value,High Risk
15448.0,312,1,494.64,Medium Value,High Risk
15449.0,25,5,971.22,Medium Value,Low Risk
15450.0,29,1,429.84,Medium Value,Low Risk
15452.0,29,3,528.48,Medium Value,Low Risk
15453.0,1,7,1371.77,High Value,Low Risk
15454.0,361,1,179.1,Low Value,High Risk
15456.0,282,3,434.59000000000003,Medium Value,High Risk
15457.0,261,1,237.07,Low Value,High Risk
15458.0,24,1,161.64,Low Value,Low Risk
15460.0,353,1,214.26,Low Value,High Risk
15462.0,93,3,234.6,Low Value,High Risk
15463.0,28,1,126.14,Low Value,Low Risk
15464.0,337,1,1044.65,Medium Value,High Risk
15465.0,19,24,6945.0199999999995,High Value,Low Risk
15466.0,84,1,334.53,Low Value,Medium Risk
15467.0,8,4,511.88,Medium Value,Low Risk
15468.0,34,5,438.46,Medium Value,Medium Risk
15469.0,42,4,504.5,Medium Value,Medium Risk
15471.0,1,1,454.48,Medium Value,Low Risk
15472.0,112,1,371.56,Low Value,High Risk
15473.0,13,10,1465.2,High Value,Low Risk
15475.0,76,1,454.10999999999996,Medium Value,Medium Risk
15478.0,39,2,1399.92,High Value,Medium Risk
15480.0,115,1,905.5,Medium Value,High Risk
15482.0,15,16,6393.52,High Value,Low Risk
15483.0,160,4,225.26,Low Value,High Risk
15484.0,0,5,3559.21,High Value,Low Risk
15485.0,29,3,2564.5,High Value,Low Risk
15488.0,92,1,91.32000000000001,Low Value,High Risk
15489.0,22,4,1090.03,Medium Value,Low Risk
15491.0,94,7,3090.85,High Value,High Risk
15492.0,27,2,659.4599999999999,Medium Value,Low Risk
15493.0,32,7,1918.86,High Value,Medium Risk
15494.0,20,2,1280.58,High Value,Low Risk
15497.0,17,3,1259.7,High Value,Low Risk
15498.0,0,35,12396.46,High Value,Low Risk
15500.0,7,4,1131.56,Medium Value,Low Risk
15502.0,15,23,5541.46,High Value,Low Risk
15503.0,362,1,141.04,Low Value,High Risk
15504.0,80,1,52.83,Low Value,Medium Risk
15505.0,52,7,3497.14,High Value,Medium Risk
15506.0,22,3,972.08,Medium Value,Low Risk
15507.0,171,1,475.86,Medium Value,High Risk
15508.0,188,6,1000.27,Medium Value,High Risk
15510.0,330,1,250.0,Low Value,High Risk
15511.0,11,5,900.53,Medium Value,Low Risk
15512.0,155,2,121.0,Low Value,High Risk
15513.0,30,22,14520.08,High Value,Low Risk
15514.0,11,13,2907.45,High Value,Low Risk
15516.0,44,3,62.43,Low Value,Medium Risk
15517.0,232,1,267.03,Low Value,High Risk
15518.0,63,13,1890.99,High Value,Medium Risk
15520.0,1,1,343.5,Low Value,Low Risk
15521.0,35,13,2574.65,High Value,Medium Risk
15522.0,32,2,397.99,Medium Value,Medium Risk
15523.0,83,1,412.01000000000005,Medium Value,Medium Risk
15524.0,24,1,440.0,Medium Value,Low Risk
15525.0,1,4,719.47,Medium Value,Low Risk
15526.0,32,2,148.44,Low Value,Medium Risk
15527.0,18,10,2347.57,High Value,Low Risk
15528.0,253,1,229.33,Low Value,High Risk
15529.0,22,12,3935.15,High Value,Low Risk
15530.0,21,4,1497.31,High Value,Low Risk
15531.0,7,2,1972.39,High Value,Low Risk
15532.0,24,6,1500.88,High Value,Low Risk
15533.0,18,5,746.92,Medium Value,Low Risk
15535.0,172,7,426.4,Medium Value,High Risk
15537.0,162,1,110.92,Low Value,High Risk
15539.0,6,1,538.46,Medium Value,Low Risk
15540.0,10,1,213.3,Low Value,Low Risk
15541.0,113,1,85.13000000000001,Low Value,High Risk
15543.0,287,1,127.86,Low Value,High Risk
15544.0,8,11,3542.51,High Value,Low Risk
15545.0,53,2,288.96999999999997,Low Value,Medium Risk
15547.0,6,14,4910.6,High Value,Low Risk
15549.0,76,4,1643.96,High Value,Medium Risk
15550.0,3,4,575.63,Medium Value,Low Risk
15551.0,36,1,436.06,Medium Value,Medium Risk
15552.0,216,1,90.12,Low Value,High Risk
15553.0,59,1,428.93,Medium Value,Medium Risk
15554.0,277,1,217.2,Low Value,High Risk
15555.0,11,20,4747.89,High Value,Low Risk
15556.0,23,1,279.77,Low Value,Low Risk
15557.0,28,1,468.91,Medium Value,Low Risk
15561.0,11,5,722.74,Medium Value,Low Risk
15562.0,351,1,134.55,Low Value,High Risk
15563.0,8,7,1319.69,High Value,Low Risk
15565.0,49,2,173.16,Low Value,Medium Risk
15567.0,18,1,186.01,Low Value,Low Risk
15568.0,2,3,758.29,Medium Value,Low Risk
15569.0,103,5,1375.71,High Value,High Risk
15570.0,6,13,4093.27,High Value,Low Risk
15571.0,11,4,650.4300000000001,Medium Value,Low Risk
15572.0,4,7,2533.42,High Value,Low Risk
15573.0,31,2,591.1899999999999,Medium Value,Medium Risk
15574.0,177,4,675.64,Medium Value,High Risk
15576.0,37,1,921.37,Medium Value,Medium Risk
15577.0,150,3,258.88,Low Value,High Risk
15578.0,161,1,127.1,Low Value,High Risk
15579.0,68,2,327.6,Low Value,Medium Risk
15581.0,120,14,3425.77,High Value,High Risk
15582.0,24,3,682.9100000000001,Medium Value,Low Risk
15584.0,23,5,718.36,Medium Value,Low Risk
15585.0,176,1,455.3,Medium Value,High Risk
15587.0,49,4,913.6800000000001,Medium Value,Medium Risk
15589.0,252,4,456.58,Medium Value,High Risk
15590.0,288,1,-30.19,Low Value,High Risk
15592.0,46,1,388.58,Medium Value,Medium Risk
15593.0,70,1,199.8,Low Value,Medium Risk
15594.0,15,6,1767.53,High Value,Low Risk
15596.0,100,9,1343.34,High Value,High Risk
15597.0,29,2,315.71999999999997,Low Value,Low Risk
15598.0,34,3,235.68,Low Value,Medium Risk
15599.0,26,2,761.74,Medium Value,Low Risk
15601.0,10,17,6745.36,High Value,Low Risk
15602.0,7,15,1083.63,Medium Value,Low Risk
15603.0,78,1,48.480000000000004,Low Value,Medium Risk
15604.0,51,1,216.39,Low Value,Medium Risk
15605.0,35,5,1198.23,High Value,Medium Risk
15606.0,56,11,2422.64,High Value,Medium Risk
15607.0,336,1,104.76,Low Value,High Risk
15608.0,27,4,1093.68,Medium Value,Low Risk
15609.0,182,2,270.03000000000003,Low Value,High Risk
15610.0,51,1,112.46000000000001,Low Value,Medium Risk
15611.0,9,15,1568.39,High Value,Low Risk
15612.0,35,2,195.15,Low Value,Medium Risk
15615.0,9,27,10360.04,High Value,Low Risk
15618.0,32,5,747.031,Medium Value,Medium Risk
15619.0,10,1,336.40000000000003,Low Value,Low Risk
15620.0,49,6,1524.4,High Value,Medium Risk
15621.0,3,6,1158.77,High Value,Low Risk
15622.0,2,16,3224.53,High Value,Low Risk
15623.0,140,1,301.03,Low Value,High Risk
15624.0,116,4,588.13,Medium Value,High Risk
15625.0,99,8,1504.56,High Value,High Risk
15626.0,74,2,675.8,Medium Value,Medium Risk
15628.0,4,10,2865.64,High Value,Low Risk
15630.0,44,3,1180.4,High Value,Medium Risk
15632.0,15,10,3147.31,High Value,Low Risk
15634.0,16,1,243.55,Low Value,Low Risk
15636.0,89,2,724.76,Medium Value,Medium Risk
15637.0,52,1,223.36,Low Value,Medium Risk
15638.0,300,1,-94.0,Low Value,High Risk
15639.0,133,1,425.32,Medium Value,High Risk
15640.0,3,17,12336.74,High Value,Low Risk
15641.0,104,4,1887.2,High Value,High Risk
15643.0,178,6,647.4,Medium Value,High Risk
15644.0,165,4,803.54,Medium Value,High Risk
15645.0,18,1,612.01,Medium Value,Low Risk
15646.0,157,4,425.14000000000004,Medium Value,High Risk
15648.0,203,4,582.0500000000001,Medium Value,High Risk
15649.0,335,2,816.0,Medium Value,High Risk
15651.0,36,3,646.3,Medium Value,Medium Risk
15652.0,90,1,337.74,Low Value,Medium Risk
15653.0,92,2,877.4399999999999,Medium Value,High Risk
15654.0,8,2,922.53,Medium Value,Low Risk
15655.0,232,2,511.32,Medium Value,High Risk
15656.0,44,4,748.5,Medium Value,Medium Risk
15657.0,22,1,30.0,Low Value,Low Risk
15658.0,189,8,958.9,Medium Value,High Risk
15659.0,43,1,306.45,Low Value,Medium Risk
15660.0,24,12,1552.01,High Value,Low Risk
15661.0,316,2,309.8,Low Value,High Risk
15663.0,105,1,138.14,Low Value,High Risk
15664.0,50,2,358.63,Low Value,Medium Risk
15665.0,167,2,2222.21,High Value,High Risk
15667.0,39,1,301.32,Low Value,Medium Risk
15668.0,217,1,76.32000000000001,Low Value,High Risk
15669.0,39,5,677.69,Medium Value,Medium Risk
15670.0,296,1,173.05,Low Value,High Risk
15671.0,18,10,2635.4900000000002,High Value,Low Risk
15673.0,87,4,2726.23,High Value,Medium Risk
15674.0,72,8,1744.02,High Value,Medium Risk
15675.0,80,3,323.69,Low Value,Medium Risk
15676.0,8,5,3324.09,High Value,Low Risk
15677.0,48,1,657.23,Medium Value,Medium Risk
15678.0,52,1,352.7,Low Value,Medium Risk
15679.0,23,4,781.28,Medium Value,Low Risk
15680.0,8,3,1333.68,High Value,Low Risk
15681.0,17,6,946.36,Medium Value,Low Risk
15683.0,116,1,193.75,Low Value,High Risk
15687.0,8,11,2981.5,High Value,Low Risk
15689.0,119,2,254.1,Low Value,High Risk
15690.0,3,2,239.76,Low Value,Low Risk
15691.0,251,1,136.8,Low Value,High Risk
15692.0,27,1,191.04,Low Value,Low Risk
15694.0,0,15,6423.6,High Value,Low Risk
15695.0,266,2,409.98,Medium Value,High Risk
15696.0,32,12,2619.11,High Value,Medium Risk
15699.0,17,1,309.65,Low Value,Low Risk
15700.0,171,3,664.03,Medium Value,High Risk
15701.0,1,4,1529.0,High Value,Low Risk
15703.0,264,1,211.5,Low Value,High Risk
15704.0,139,4,2293.62,High Value,High Risk
15705.0,200,1,143.1,Low Value,High Risk
15706.0,59,7,1001.8100000000001,Medium Value,Medium Risk
15707.0,34,4,916.98,Medium Value,Medium Risk
15708.0,40,11,3200.73,High Value,Medium Risk
15709.0,283,1,133.25,Low Value,High Risk
15712.0,8,5,1072.3600000000001,Medium Value,Low Risk
15713.0,142,3,346.75,Low Value,High Risk
15714.0,11,2,330.03000000000003,Low Value,Low Risk
15716.0,145,4,1101.1100000000001,Medium Value,High Risk
15717.0,233,1,150.3,Low Value,High Risk
15719.0,32,14,5028.42,High Value,Medium Risk
15720.0,23,1,598.73,Medium Value,Low Risk
15721.0,11,1,471.40000000000003,Medium Value,Low Risk
15722.0,35,6,2169.86,High Value,Medium Risk
15723.0,364,1,190.7,Low Value,High Risk
15724.0,200,3,212.3,Low Value,High Risk
15725.0,14,1,415.25,Medium Value,Low Risk
15727.0,16,7,5159.06,High Value,Low Risk
15728.0,48,1,-134.8,Low Value,Medium Risk
15729.0,197,2,62.0,Low Value,High Risk
15730.0,65,4,1108.38,Medium Value,Medium Risk
15732.0,211,2,294.12,Low Value,High Risk
15733.0,282,1,162.3,Low Value,High Risk
15734.0,114,2,1339.45,High Value,High Risk
15737.0,14,12,1121.21,Medium Value,Low Risk
15738.0,18,19,4788.77,High Value,Low Risk
15739.0,65,1,449.12,Medium Value,Medium Risk
15740.0,48,1,154.88,Low Value,Medium Risk
15743.0,15,4,775.96,Medium Value,Low Risk
15744.0,77,1,34.8,Low Value,Medium Risk
15745.0,8,6,1071.24,Medium Value,Low Risk
15746.0,133,2,182.96,Low Value,High Risk
15747.0,12,3,946.64,Medium Value,Low Risk
15748.0,39,1,144.36,Low Value,Medium Risk
15749.0,234,4,21535.9,High Value,High Risk
15750.0,2,9,2448.8,High Value,Low Risk
15752.0,39,8,2618.15,High Value,Medium Risk
15753.0,304,1,79.2,Low Value,High Risk
15754.0,50,4,455.67,Medium Value,Medium Risk
15755.0,0,8,2318.88,High Value,Low Risk
15756.0,60,4,528.01,Medium Value,Medium Risk
15757.0,65,2,714.42,Medium Value,Medium Risk
15758.0,24,1,205.25,Low Value,Low Risk
15759.0,217,3,253.04,Low Value,High Risk
15762.0,64,2,583.75,Medium Value,Medium Risk
15763.0,31,3,1048.67,Medium Value,Medium Risk
15764.0,80,10,3245.47,High Value,Medium Risk
15766.0,63,1,315.06,Low Value,Medium Risk
15768.0,115,4,581.8299999999999,Medium Value,High Risk
15769.0,6,29,51823.72,High Value,Low Risk
15773.0,5,1,635.6800000000001,Medium Value,Low Risk
15774.0,68,1,270.8,Low Value,Medium Risk
15775.0,244,1,104.9,Low Value,High Risk
15776.0,132,1,241.62,Low Value,High Risk
15777.0,240,5,1021.61,Medium Value,High Risk
15780.0,183,3,475.28000000000003,Medium Value,High Risk
15781.0,24,4,333.56,Low Value,Low Risk
15782.0,9,4,2593.94,High Value,Low Risk
15783.0,10,1,246.3,Low Value,Low Risk
15785.0,29,8,2303.75,High Value,Low Risk
15786.0,43,5,4821.0,High Value,Medium Risk
15787.0,25,3,933.26,Medium Value,Low Risk
15789.0,357,1,351.3,Low Value,High Risk
15790.0,9,1,218.75,Low Value,Low Risk
15791.0,43,3,1604.44,High Value,Medium Risk
15793.0,8,4,948.96,Medium Value,Low Risk
15795.0,149,1,610.01,Medium Value,High Risk
15796.0,0,10,2663.6600000000003,High Value,Low Risk
15797.0,112,4,2207.4,High Value,High Risk
15799.0,75,3,884.14,Medium Value,Medium Risk
15800.0,106,2,696.89,Medium Value,High Risk
15801.0,45,4,1042.19,Medium Value,Medium Risk
15802.0,142,3,-451.42,Low Value,High Risk
15803.0,50,1,415.82000000000005,Medium Value,Medium Risk
15804.0,0,19,3848.55,High Value,Low Risk
15805.0,22,20,5411.87,High Value,Low Risk
15806.0,45,3,784.58,Medium Value,Medium Risk
15807.0,49,3,903.9,Medium Value,Medium Risk
15808.0,305,5,3641.07,High Value,High Risk
15809.0,35,6,399.21,Medium Value,Medium Risk
15810.0,78,7,1145.43,High Value,Medium Risk
15811.0,16,9,2171.32,High Value,Low Risk
15812.0,106,5,1801.14,High Value,High Risk
15813.0,207,2,1303.9099999999999,High Value,High Risk
15814.0,2,6,1842.73,High Value,Low Risk
15815.0,63,5,2100.6,High Value,Medium Risk
15819.0,48,4,1905.45,High Value,Medium Risk
15820.0,319,1,206.98,Low Value,High Risk
15821.0,43,2,570.96,Medium Value,Medium Risk
15822.0,2,2,885.47,Medium Value,Low Risk
15823.0,336,2,-840.76,Low Value,High Risk
15825.0,171,1,532.94,Medium Value,High Risk
15826.0,50,4,1649.3600000000001,High Value,Medium Risk
15827.0,72,20,1641.48,High Value,Medium Risk
15829.0,98,2,636.14,Medium Value,High Risk
15830.0,28,2,547.7,Medium Value,Low Risk
15831.0,57,4,740.64,Medium Value,Medium Risk
15832.0,253,1,836.79,Medium Value,High Risk
15834.0,69,6,2076.3,High Value,Medium Risk
15835.0,43,4,954.09,Medium Value,Medium Risk
15836.0,44,2,117.47,Low Value,Medium Risk
15837.0,64,1,391.98,Medium Value,Medium Risk
15838.0,10,21,33350.76,High Value,Low Risk
15839.0,24,5,1020.74,Medium Value,Low Risk
15840.0,58,3,345.66,Low Value,Medium Risk
15841.0,63,6,1209.1,High Value,Medium Risk
15843.0,303,1,118.95000000000002,Low Value,High Risk
15844.0,45,1,130.73999999999998,Low Value,Medium Risk
15845.0,17,10,3650.87,High Value,Low Risk
15847.0,37,2,389.27,Medium Value,Medium Risk
15850.0,18,2,234.88,Low Value,Low Risk
15852.0,186,2,160.71,Low Value,High Risk
15853.0,51,1,110.8,Low Value,Medium Risk
15854.0,3,12,2969.12,High Value,Low Risk
15855.0,136,5,712.24,Medium Value,High Risk
15856.0,3,31,15929.74,High Value,Low Risk
15857.0,18,1,297.0,Low Value,Low Risk
15858.0,15,5,1427.57,High Value,Low Risk
15860.0,40,8,965.16,Medium Value,Medium Risk
15861.0,11,9,2981.92,High Value,Low Risk
15862.0,7,4,832.88,Medium Value,Low Risk
15863.0,25,2,68.84,Low Value,Low Risk
15864.0,21,8,1769.7800000000002,High Value,Low Risk
15865.0,40,3,895.13,Medium Value,Medium Risk
15866.0,100,1,211.89,Low Value,High Risk
15867.0,4,16,3795.29,High Value,Low Risk
15869.0,276,2,149.64,Low Value,High Risk
15870.0,32,1,351.44,Low Value,Medium Risk
15872.0,14,2,316.25,Low Value,Low Risk
15874.0,62,9,4330.67,High Value,Medium Risk
15877.0,1,3,437.83,Medium Value,Low Risk
15880.0,368,2,299.03,Low Value,
15881.0,311,8,438.24,Medium Value,High Risk
15882.0,198,5,495.36,Medium Value,High Risk
15883.0,1,2,396.48,Medium Value,Low Risk
15885.0,92,3,379.35,Medium Value,High Risk
15886.0,59,1,181.09,Low Value,Medium Risk
15888.0,79,2,141.27,Low Value,Medium Risk
15889.0,156,2,420.07,Medium Value,High Risk
15891.0,226,1,511.68,Medium Value,High Risk
15894.0,252,2,258.25,Low Value,High Risk
15895.0,149,1,179.17,Low Value,High Risk
15897.0,193,2,208.59,Low Value,High Risk
15898.0,0,6,1379.63,High Value,Low Risk
15899.0,368,1,56.25,Low Value,
15900.0,23,1,337.28,Low Value,Low Risk
15901.0,16,3,351.73,Low Value,Low Risk
15903.0,9,8,5126.34,High Value,Low Risk
15904.0,7,1,164.68,Low Value,Low Risk
15906.0,19,8,1521.79,High Value,Low Risk
15907.0,3,3,882.72,Medium Value,Low Risk
15909.0,173,1,191.94,Low Value,High Risk
15910.0,0,8,1228.88,High Value,Low Risk
15912.0,177,2,264.62,Low Value,High Risk
15916.0,15,10,1466.01,High Value,Low Risk
15917.0,247,1,123.1,Low Value,High Risk
15918.0,190,2,334.23,Low Value,High Risk
15919.0,19,2,525.69,Medium Value,Low Risk
15920.0,153,4,167.5,Low Value,High Risk
15921.0,172,1,323.03000000000003,Low Value,High Risk
15922.0,371,2,363.6,Low Value,
15923.0,372,1,127.08,Low Value,
15925.0,193,1,207.15,Low Value,High Risk
15930.0,66,1,426.63,Medium Value,Medium Risk
15932.0,3,11,2461.85,High Value,Low Risk
15933.0,20,3,1107.46,Medium Value,Low Risk
15935.0,238,2,416.86,Medium Value,High Risk
15937.0,63,1,145.35,Low Value,Medium Risk
15938.0,111,5,404.58,Medium Value,High Risk
15939.0,89,16,6102.26,High Value,Medium Risk
15940.0,310,2,31.799999999999997,Low Value,High Risk
15942.0,133,1,337.44,Low Value,High Risk
15944.0,276,1,325.1,Low Value,High Risk
15945.0,364,1,181.0,Low Value,High Risk
15947.0,82,1,1708.24,High Value,Medium Risk
15948.0,7,2,955.24,Medium Value,Low Risk
15949.0,16,2,364.72,Low Value,Low Risk
15950.0,1,5,1684.46,High Value,Low Risk
15951.0,0,3,669.57,Medium Value,Low Risk
15952.0,33,4,781.91,Medium Value,Medium Risk
15953.0,14,10,1632.4299999999998,High Value,Low Risk
15955.0,23,16,4389.81,High Value,Low Risk
15957.0,31,1,428.89,Medium Value,Medium Risk
15958.0,73,1,104.35,Low Value,Medium Risk
15963.0,19,2,470.76,Medium Value,Low Risk
15965.0,16,4,808.87,Medium Value,Low Risk
15967.0,22,2,397.68,Medium Value,Low Risk
15969.0,2,4,582.9,Medium Value,Low Risk
15970.0,303,1,314.1,Low Value,High Risk
15971.0,17,12,4199.85,High Value,Low Risk
15973.0,235,3,99.77000000000002,Low Value,High Risk
15974.0,38,8,3429.55,High Value,Medium Risk
15975.0,83,1,371.01,Low Value,Medium Risk
15976.0,164,2,427.64,Medium Value,High Risk
15977.0,16,2,1054.73,Medium Value,Low Risk
15978.0,76,1,1098.78,Medium Value,Medium Risk
15980.0,88,3,2398.86,High Value,Medium Risk
15981.0,24,8,3408.48,High Value,Low Risk
15983.0,21,4,1465.12,High Value,Low Risk
15984.0,2,11,2759.93,High Value,Low Risk
15985.0,122,3,1037.42,Medium Value,High Risk
15986.0,29,1,168.12,Low Value,Low Risk
15987.0,11,7,1432.77,High Value,Low Risk
15988.0,18,1,156.78,Low Value,Low Risk
15990.0,43,2,792.11,Medium Value,Medium Risk
15992.0,3,1,41.989999999999995,Low Value,Low Risk
15993.0,8,10,2736.92,High Value,Low Risk
15994.0,54,1,414.27,Medium Value,Medium Risk
15996.0,87,7,1016.6800000000001,Medium Value,Medium Risk
15998.0,36,6,3074.42,High Value,Medium Risk
16000.0,2,3,12393.7,High Value,Low Risk
16003.0,29,5,2735.37,High Value,Low Risk
16005.0,11,4,578.71,Medium Value,Low Risk
16006.0,210,1,101.4,Low Value,High Risk
16007.0,47,4,1693.81,High Value,Medium Risk
16008.0,23,3,478.78,Medium Value,Low Risk
16009.0,21,4,972.11,Medium Value,Low Risk
16010.0,245,3,392.4,Medium Value,High Risk
16011.0,7,16,3352.96,High Value,Low Risk
16012.0,34,3,1415.29,High Value,Medium Risk
16013.0,3,54,33366.25,High Value,Low Risk
16014.0,35,4,637.58,Medium Value,Medium Risk
16015.0,3,4,689.6999999999999,Medium Value,Low Risk
16016.0,2,10,1440.06,High Value,Low Risk
16017.0,46,1,211.88,Low Value,Medium Risk
16018.0,38,2,408.90000000000003,Medium Value,Medium Risk
16019.0,1,10,3450.2400000000002,High Value,Low Risk
16020.0,16,3,851.01,Medium Value,Low Risk
16022.0,259,1,602.63,Medium Value,High Risk
16023.0,45,3,719.81,Medium Value,Medium Risk
16024.0,11,1,251.03,Low Value,Low Risk
16025.0,29,1,439.65999999999997,Medium Value,Low Risk
16026.0,42,1,236.09,Low Value,Medium Risk
16027.0,91,7,852.12,Medium Value,High Risk
16029.0,38,76,53168.69,High Value,Medium Risk
16030.0,309,1,331.24,Low Value,High Risk
16031.0,91,2,547.9,Medium Value,High Risk
16033.0,5,27,8690.03,High Value,Low Risk
16034.0,195,3,437.7,Medium Value,High Risk
16036.0,86,2,758.92,Medium Value,Medium Risk
16037.0,269,3,855.02,Medium Value,High Risk
16038.0,7,4,454.33000000000004,Medium Value,Low Risk
16040.0,64,3,1313.55,High Value,Medium Risk
16041.0,30,3,3166.4,High Value,Low Risk
16042.0,21,7,1127.57,Medium Value,Low Risk
16043.0,37,4,773.99,Medium Value,Medium Risk
16045.0,119,4,1340.7,High Value,High Risk
16048.0,85,3,243.69000000000003,Low Value,Medium Risk
16049.0,39,3,1074.81,Medium Value,Medium Risk
16050.0,173,1,137.9,Low Value,High Risk
16052.0,53,1,362.06,Low Value,Medium Risk
16053.0,32,2,1511.95,High Value,Medium Risk
16054.0,144,1,783.9,Medium Value,High Risk
16055.0,220,1,134.8,Low Value,High Risk
16056.0,44,1,650.75,Medium Value,Medium Risk
16057.0,3,10,2140.2200000000003,High Value,Low Risk
16059.0,65,6,1453.16,High Value,Medium Risk
16061.0,268,1,-29.95,Low Value,High Risk
16062.0,9,4,1153.62,High Value,Low Risk
16063.0,259,1,335.32,Low Value,High Risk
16065.0,364,1,367.14,Low Value,High Risk
16066.0,16,5,1521.04,High Value,Low Risk
16070.0,21,2,852.15,Medium Value,Low Risk
16071.0,44,1,326.24,Low Value,Medium Risk
16072.0,287,1,584.3199999999999,Medium Value,High Risk
16073.0,291,2,94.35,Low Value,High Risk
16076.0,2,11,2173.53,High Value,Low Risk
16078.0,283,1,79.2,Low Value,High Risk
16079.0,16,3,1352.0,High Value,Low Risk
16080.0,81,3,176.6,Low Value,Medium Risk
16081.0,55,5,2799.42,High Value,Medium Risk
16083.0,100,2,1317.62,High Value,High Risk
16084.0,298,1,436.18,Medium Value,High Risk
16085.0,22,5,981.51,Medium Value,Low Risk
16086.0,58,6,1119.31,Medium Value,Medium Risk
16091.0,154,2,315.06,Low Value,High Risk
16092.0,98,5,779.36,Medium Value,High Risk
16093.0,106,1,17.0,Low Value,High Risk
16094.0,11,6,1041.83,Medium Value,Low Risk
16096.0,263,1,320.62,Low Value,High Risk
16097.0,239,1,185.04999999999998,Low Value,High Risk
16098.0,87,7,2005.63,High Value,Medium Risk
16099.0,49,3,731.9,Medium Value,Medium Risk
16101.0,8,3,1245.96,High Value,Low Risk
16102.0,41,3,1842.14,High Value,Medium Risk
16103.0,6,6,1429.64,High Value,Low Risk
16104.0,61,1,298.21,Low Value,Medium Risk
16105.0,248,1,336.96,Low Value,High Risk
16106.0,65,1,108.38,Low Value,Medium Risk
16107.0,17,7,3204.1600000000003,High Value,Low Risk
16108.0,84,2,816.1,Medium Value,Medium Risk
16109.0,218,2,611.88,Medium Value,High Risk
16110.0,44,3,1320.95,High Value,Medium Risk
16112.0,142,4,195.73999999999998,Low Value,High Risk
16113.0,182,1,161.38,Low Value,High Risk
16114.0,170,1,135.75000000000003,Low Value,High Risk
16115.0,9,8,1660.8799999999999,High Value,Low Risk
16116.0,205,2,592.88,Medium Value,High Risk
16117.0,189,1,232.21,Low Value,High Risk
16119.0,7,2,423.36,Medium Value,Low Risk
16120.0,58,5,1294.14,High Value,Medium Risk
16121.0,56,2,854.66,Medium Value,Medium Risk
16122.0,72,4,684.4200000000001,Medium Value,Medium Risk
16123.0,51,1,307.78,Low Value,Medium Risk
16124.0,315,2,187.15,Low Value,High Risk
16125.0,366,1,289.35,Low Value,
16126.0,28,4,6287.77,High Value,Low Risk
16127.0,38,1,656.25,Medium Value,Medium Risk
16128.0,17,5,1880.22,High Value,Low Risk
16131.0,51,6,3506.54,High Value,Medium Risk
16133.0,3,46,14305.66,High Value,Low Risk
16134.0,21,3,603.69,Medium Value,Low Risk
16135.0,262,1,517.55,Medium Value,High Risk
16136.0,59,3,709.38,Medium Value,Medium Risk
16138.0,367,1,-7.95,Low Value,
16139.0,18,3,635.41,Medium Value,Low Risk
16140.0,52,4,703.77,Medium Value,Medium Risk
16141.0,87,1,620.4,Medium Value,Medium Risk
16142.0,249,1,535.34,Medium Value,High Risk
16143.0,2,7,2419.84,High Value,Low Risk
16144.0,246,1,175.2,Low Value,High Risk
16145.0,8,18,3741.98,High Value,Low Risk
16146.0,156,3,734.13,Medium Value,High Risk
16147.0,133,1,375.0,Medium Value,High Risk
16148.0,295,1,76.32000000000001,Low Value,High Risk
16149.0,4,2,280.52,Low Value,Low Risk
16150.0,38,10,1906.07,High Value,Medium Risk
16152.0,268,1,1829.04,High Value,High Risk
16153.0,49,5,1824.23,High Value,Medium Risk
16156.0,8,13,2994.62,High Value,Low Risk
16157.0,15,4,644.24,Medium Value,Low Risk
16159.0,281,1,348.2,Low Value,High Risk
16160.0,63,4,1009.4499999999999,Medium Value,Medium Risk
16161.0,1,26,5311.08,High Value,Low Risk
16162.0,251,1,37.4,Low Value,High Risk
16163.0,224,3,441.59999999999997,Medium Value,High Risk
16164.0,16,4,802.53,Medium Value,Low Risk
16168.0,10,28,3770.6,High Value,Low Risk
16169.0,7,4,1822.97,High Value,Low Risk
16170.0,50,7,1880.4199999999998,High Value,Medium Risk
16171.0,58,1,73.2,Low Value,Medium Risk
16172.0,94,5,1140.21,High Value,High Risk
16173.0,15,7,1406.57,High Value,Low Risk
16174.0,125,3,1009.5500000000001,Medium Value,High Risk
16175.0,93,4,1037.59,Medium Value,High Risk
16177.0,49,1,331.95,Low Value,Medium Risk
16178.0,137,1,197.9,Low Value,High Risk
16179.0,60,1,215.83,Low Value,Medium Risk
16180.0,99,10,10217.48,High Value,High Risk
16181.0,72,1,305.54,Low Value,Medium Risk
16182.0,71,4,6617.65,High Value,Medium Risk
16183.0,66,1,338.71000000000004,Low Value,Medium Risk
16184.0,63,7,1155.54,High Value,Medium Risk
16185.0,16,2,529.41,Medium Value,Low Risk
16186.0,22,13,3991.94,High Value,Low Risk
16187.0,31,17,6841.24,High Value,Medium Risk
16188.0,44,4,981.86,Medium Value,Medium Risk
16189.0,15,2,215.48,Low Value,Low Risk
16190.0,39,1,215.08,Low Value,Medium Risk
16191.0,2,25,4913.32,High Value,Low Risk
16193.0,236,1,314.45,Low Value,High Risk
16198.0,74,1,400.68100000000004,Medium Value,Medium Risk
16200.0,3,2,1068.8700000000001,Medium Value,Low Risk
16201.0,2,5,1821.52,High Value,Low Risk
16202.0,360,1,365.27,Low Value,High Risk
16203.0,58,5,589.15,Medium Value,Medium Risk
16204.0,22,1,384.18,Medium Value,Low Risk
16205.0,30,4,757.63,Medium Value,Low Risk
16206.0,54,4,537.0600000000001,Medium Value,Medium Risk
16207.0,24,1,394.38,Medium Value,Low Risk
16208.0,44,2,664.26,Medium Value,Medium Risk
16209.0,88,5,2262.62,High Value,Medium Risk
16210.0,1,18,21086.3,High Value,Low Risk
16211.0,80,2,542.77,Medium Value,Medium Risk
16212.0,18,3,681.19,Medium Value,Low Risk
16213.0,78,1,159.0,Low Value,Medium Risk
16214.0,170,3,1062.75,Medium Value,High Risk
16215.0,80,1,242.35,Low Value,Medium Risk
16216.0,266,1,914.9300000000001,Medium Value,High Risk
16217.0,234,4,259.39000000000004,Low Value,High Risk
16218.0,29,8,3054.87,High Value,Low Risk
16221.0,36,3,860.86,Medium Value,Medium Risk
16222.0,317,1,773.5500000000001,Medium Value,High Risk
16224.0,56,4,1295.3,High Value,Medium Risk
16225.0,44,5,1096.32,Medium Value,Medium Risk
16226.0,202,3,255.12,Low Value,High Risk
16227.0,218,2,308.32000000000005,Low Value,High Risk
16229.0,86,2,1010.6,Medium Value,Medium Risk
16230.0,189,2,542.03,Medium Value,High Risk
16232.0,32,5,983.23,Medium Value,Medium Risk
16233.0,70,5,422.13,Medium Value,Medium Risk
16235.0,40,6,858.41,Medium Value,Medium Risk
16236.0,77,1,432.2,Medium Value,Medium Risk
16239.0,56,3,372.9,Medium Value,Medium Risk
16240.0,7,5,3693.81,High Value,Low Risk
16241.0,9,13,2590.31,High Value,Low Risk
16242.0,7,8,3574.91,High Value,Low Risk
16243.0,33,2,409.1,Medium Value,Medium Risk
16244.0,211,2,1522.75,High Value,High Risk
16245.0,23,5,1352.3600000000001,High Value,Low Risk
16247.0,169,1,114.56,Low Value,High Risk
16248.0,61,1,152.94,Low Value,Medium Risk
16249.0,52,5,1800.07,High Value,Medium Risk
16250.0,260,2,389.44,Medium Value,High Risk
16252.0,365,1,-295.09,Low Value,High Risk
16253.0,31,3,3665.62,High Value,Medium Risk
16255.0,16,10,2609.3,High Value,Low Risk
16256.0,257,2,732.63,Medium Value,High Risk
16257.0,176,1,46.95,Low Value,High Risk
16258.0,44,5,5203.51,High Value,Medium Risk
16260.0,50,1,1035.45,Medium Value,Medium Risk
16261.0,16,4,728.54,Medium Value,Low Risk
16262.0,360,1,-31.65,Low Value,High Risk
16265.0,8,11,5423.15,High Value,Low Risk
16266.0,73,7,861.89,Medium Value,Medium Risk
16268.0,70,2,667.65,Medium Value,Medium Risk
16270.0,352,1,1141.24,High Value,High Risk
16271.0,2,6,1398.69,High Value,Low Risk
16272.0,116,1,411.7,Medium Value,High Risk
16274.0,372,1,351.75,Low Value,
16275.0,196,1,559.87,Medium Value,High Risk
16276.0,176,1,810.6000000000001,Medium Value,High Risk
16278.0,22,3,537.83,Medium Value,Low Risk
16279.0,20,4,1489.88,High Value,Low Risk
16281.0,71,1,2062.06,High Value,Medium Risk
16282.0,339,1,168.3,Low Value,High Risk
16283.0,5,7,1531.51,High Value,Low Risk
16284.0,30,2,812.68,Medium Value,Low Risk
16287.0,169,1,142.5,Low Value,High Risk
16292.0,116,2,280.9,Low Value,High Risk
16293.0,8,12,2236.7400000000002,High Value,Low Risk
16295.0,9,4,1328.55,High Value,Low Risk
16297.0,212,4,275.4,Low Value,High Risk
16298.0,22,3,598.2,Medium Value,Low Risk
16302.0,107,2,212.82,Low Value,High Risk
16303.0,25,4,5305.83,High Value,Low Risk
16305.0,138,1,361.21999999999997,Low Value,High Risk
16306.0,213,9,602.27,Medium Value,High Risk
16308.0,37,4,2560.0,High Value,Medium Risk
16309.0,91,3,686.67,Medium Value,High Risk
16311.0,17,2,616.26,Medium Value,Low Risk
16313.0,2,2,274.15000000000003,Low Value,Low Risk
16315.0,330,1,226.37,Low Value,High Risk
16316.0,63,12,2755.56,High Value,Medium Risk
16317.0,119,3,1341.65,High Value,High Risk
16318.0,34,1,328.15,Low Value,Medium Risk
16319.0,217,1,404.40000000000003,Medium Value,High Risk
16320.0,171,2,1038.46,Medium Value,High Risk
16321.0,71,7,230.70000000000002,Low Value,Medium Risk
16322.0,0,2,326.75,Low Value,Low Risk
16323.0,195,1,207.50000000000003,Low Value,High Risk
16324.0,127,3,408.59000000000003,Medium Value,High Risk
16325.0,43,5,510.54,Medium Value,Medium Risk
16326.0,5,15,3014.2200000000003,High Value,Low Risk
16327.0,13,6,3820.27,High Value,Low Risk
16330.0,17,4,242.21,Low Value,Low Risk
16332.0,27,8,1572.8,High Value,Low Risk
16333.0,7,22,26626.8,High Value,Low Risk
16337.0,36,1,151.05,Low Value,Medium Risk
16338.0,156,1,214.79999999999998,Low Value,High Risk
16339.0,283,1,94.05,Low Value,High Risk
16340.0,106,1,534.31,Medium Value,High Risk
16341.0,24,6,1959.38,High Value,Low Risk
16342.0,74,4,322.41,Low Value,Medium Risk
16343.0,15,2,328.58,Low Value,Low Risk
16344.0,157,1,101.10000000000001,Low Value,High Risk
16345.0,43,1,565.46,Medium Value,Medium Risk
16347.0,10,2,847.45,Medium Value,Low Risk
16348.0,31,7,1415.65,High Value,Medium Risk
16349.0,290,1,53.5,Low Value,High Risk
16350.0,20,5,1100.47,Medium Value,Low Risk
16351.0,332,1,153.9,Low Value,High Risk
16352.0,17,2,494.44,Medium Value,Low Risk
16353.0,3,23,6675.71,High Value,Low Risk
16354.0,62,2,395.8,Medium Value,Medium Risk
16356.0,197,4,210.32000000000002,Low Value,High Risk
16357.0,32,3,658.88,Medium Value,Medium Risk
16358.0,0,5,2024.95,High Value,Low Risk
16359.0,6,12,1460.3700000000001,High Value,Low Risk
16360.0,4,8,3349.57,High Value,Low Risk
16361.0,9,4,891.21,Medium Value,Low Risk
16362.0,31,9,627.29,Medium Value,Medium Risk
16363.0,52,1,109.36000000000001,Low Value,Medium Risk
16364.0,11,2,705.79,Medium Value,Low Risk
16365.0,17,9,1540.42,High Value,Low Risk
16366.0,18,1,327.3,Low Value,Low Risk
16367.0,36,2,800.67,Medium Value,Medium Risk
16368.0,1,2,479.91,Medium Value,Low Risk
16369.0,17,3,1545.41,High Value,Low Risk
16370.0,81,4,1301.91,High Value,Medium Risk
16372.0,32,2,355.73,Low Value,Medium Risk
16374.0,65,2,466.73,Medium Value,Medium Risk
16376.0,8,3,965.47,Medium Value,Low Risk
16377.0,266,1,676.2,Medium Value,High Risk
16378.0,246,3,362.95,Low Value,High Risk
16379.0,3,5,2131.9,High Value,Low Risk
16380.0,60,1,1743.1499999999999,High Value,Medium Risk
16383.0,74,2,643.76,Medium Value,Medium Risk
16384.0,89,2,584.5,Medium Value,Medium Risk
16385.0,59,3,554.86,Medium Value,Medium Risk
16386.0,28,2,302.57,Low Value,Low Risk
16387.0,322,1,94.36,Low Value,High Risk
16389.0,52,5,1362.27,High Value,Medium Risk
16392.0,269,1,217.89,Low Value,High Risk
16393.0,1,20,2935.8,High Value,Low Risk
16394.0,49,9,1412.06,High Value,Medium Risk
16395.0,60,5,1482.06,High Value,Medium Risk
16398.0,144,4,1631.15,High Value,High Risk
16399.0,18,2,408.02,Medium Value,Low Risk
16400.0,94,1,303.93,Low Value,High Risk
16401.0,0,20,4061.24,High Value,Low Risk
16402.0,264,2,293.45,Low Value,High Risk
16403.0,301,2,161.04999999999998,Low Value,High Risk
16404.0,69,1,443.05,Medium Value,Medium Risk
16405.0,301,2,167.25,Low Value,High Risk
16406.0,18,1,154.35,Low Value,Low Risk
16407.0,12,10,2079.68,High Value,Low Risk
16409.0,35,5,2022.98,High Value,Medium Risk
16411.0,18,2,211.7,Low Value,Low Risk
16412.0,53,1,135.99,Low Value,Medium Risk
16413.0,56,1,262.2,Low Value,Medium Risk
16414.0,21,2,126.25,Low Value,Low Risk
16415.0,43,1,200.27,Low Value,Medium Risk
16416.0,26,4,1026.99,Medium Value,Low Risk
16418.0,44,3,631.12,Medium Value,Medium Risk
16419.0,112,7,945.96,Medium Value,High Risk
16422.0,16,75,33805.69,High Value,Low Risk
16423.0,24,1,346.12,Low Value,Low Risk
16424.0,190,2,82.56,Low Value,High Risk
16425.0,301,1,302.7,Low Value,High Risk
16426.0,1,10,1863.76,High Value,Low Risk
16427.0,262,2,241.06,Low Value,High Risk
16428.0,80,1,-2.95,Low Value,Medium Risk
16429.0,105,1,284.55,Low Value,High Risk
16430.0,56,1,300.85,Low Value,Medium Risk
16431.0,212,3,623.28,Medium Value,High Risk
16432.0,63,1,287.4,Low Value,Medium Risk
16433.0,27,1,184.26,Low Value,Low Risk
16434.0,28,7,1511.8,High Value,Low Risk
16438.0,5,5,798.35,Medium Value,Low Risk
16440.0,7,5,3640.67,High Value,Low Risk
16441.0,66,2,381.2,Medium Value,Medium Risk
16442.0,1,3,609.3,Medium Value,Low Risk
16444.0,45,5,638.77,Medium Value,Medium Risk
16445.0,33,1,230.51,Low Value,Medium Risk
16446.0,0,3,2.8999999999941792,Low Value,Low Risk
16447.0,135,1,255.91,Low Value,High Risk
16448.0,197,1,182.99,Low Value,High Risk
16449.0,190,3,674.69,Medium Value,High Risk
16450.0,149,1,311.92,Low Value,High Risk
16451.0,87,1,266.97,Low Value,Medium Risk
16454.0,44,3,-8.15,Low Value,Medium Risk
16455.0,63,7,1841.18,High Value,Medium Risk
16456.0,98,5,2158.18,High Value,High Risk
16457.0,217,1,208.36,Low Value,High Risk
16458.0,2,18,3482.7400000000002,High Value,Low Risk
16460.0,27,3,811.23,Medium Value,Low Risk
16461.0,177,1,142.92,Low Value,High Risk
16462.0,63,4,102.0,Low Value,Medium Risk
16463.0,20,7,1383.7,High Value,Low Risk
16464.0,19,3,1298.66,High Value,Low Risk
16466.0,33,7,1595.96,High Value,Medium Risk
16468.0,73,1,74.9,Low Value,Medium Risk
16469.0,23,4,625.42,Medium Value,Low Risk
16470.0,51,5,747.82,Medium Value,Medium Risk
16471.0,274,1,223.95000000000002,Low Value,High Risk
16473.0,164,4,314.86,Low Value,High Risk
16474.0,6,11,1750.6200000000001,High Value,Low Risk
16475.0,87,4,544.3,Medium Value,Medium Risk
16477.0,63,7,2494.46,High Value,Medium Risk
16478.0,24,3,331.0,Low Value,Low Risk
16479.0,9,2,300.83,Low Value,Low Risk
16480.0,75,1,769.29,Medium Value,Medium Risk
16482.0,15,1,220.62,Low Value,Low Risk
16483.0,191,1,139.35,Low Value,High Risk
16484.0,173,3,379.4,Medium Value,High Risk
16485.0,76,1,363.65,Low Value,Medium Risk
16488.0,32,4,492.2,Medium Value,Medium Risk
16491.0,46,1,731.5,Medium Value,Medium Risk
16493.0,72,6,1329.66,High Value,Medium Risk
16494.0,296,1,826.53,Medium Value,High Risk
16495.0,2,3,648.26,Medium Value,Low Risk
16496.0,8,4,1562.22,High Value,Low Risk
16497.0,49,6,2965.69,High Value,Medium Risk
16498.0,160,3,86.12,Low Value,High Risk
16499.0,359,5,319.1,Low Value,High Risk
16500.0,4,6,400.86,Medium Value,Low Risk
16503.0,106,5,1421.43,High Value,High Risk
16504.0,24,1,465.88,Medium Value,Low Risk
16505.0,31,1,777.6,Medium Value,Medium Risk
16506.0,19,2,90.30000000000001,Low Value,Low Risk
16509.0,296,1,363.7,Low Value,High Risk
16510.0,371,1,248.1,Low Value,
16511.0,21,3,918.33,Medium Value,Low Risk
16513.0,4,4,874.59,Medium Value,Low Risk
16515.0,51,5,1624.14,High Value,Medium Risk
16516.0,29,1,101.69999999999999,Low Value,Low Risk
16517.0,276,1,162.7,Low Value,High Risk
16518.0,60,3,480.92,Medium Value,Medium Risk
16519.0,24,2,215.07999999999998,Low Value,Low Risk
16520.0,185,4,1036.6200000000001,Medium Value,High Risk
16523.0,1,28,9295.67,High Value,Low Risk
16525.0,1,29,11895.57,High Value,Low Risk
16526.0,171,1,290.36,Low Value,High Risk
16527.0,80,1,228.06,Low Value,Medium Risk
16528.0,3,1,244.41,Low Value,Low Risk
16529.0,189,1,455.25,Medium Value,High Risk
16531.0,21,7,1244.59,High Value,Low Risk
16532.0,17,3,6748.8,High Value,Low Risk
16533.0,18,5,1014.19,Medium Value,Low Risk
16535.0,4,1,593.75,Medium Value,Low Risk
16536.0,106,2,538.17,Medium Value,High Risk
16539.0,2,4,1388.81,High Value,Low Risk
16542.0,53,1,119.62,Low Value,Medium Risk
16545.0,164,1,339.3,Low Value,High Risk
16546.0,290,3,-95.93,Low Value,High Risk
16549.0,9,10,4034.9,High Value,Low Risk
16550.0,108,9,2266.25,High Value,High Risk
16551.0,95,3,922.12,Medium Value,High Risk
16552.0,242,2,379.73,Medium Value,High Risk
16553.0,162,14,5664.57,High Value,High Risk
16554.0,2,7,641.55,Medium Value,Low Risk
16555.0,34,2,285.89,Low Value,Medium Risk
16556.0,66,7,3313.79,High Value,Medium Risk
16557.0,23,2,281.85,Low Value,Low Risk
16558.0,0,24,8257.04,High Value,Low Risk
16560.0,20,3,816.51,Medium Value,Low Risk
16561.0,5,2,511.12,Medium Value,Low Risk
16563.0,53,1,1077.74,Medium Value,Medium Risk
16565.0,363,1,173.7,Low Value,High Risk
16566.0,14,6,614.01,Medium Value,Low Risk
16567.0,193,2,865.6,Medium Value,High Risk
16569.0,2,1,124.2,Low Value,Low Risk
16570.0,8,15,3622.95,High Value,Low Risk
16571.0,2,5,1285.22,High Value,Low Risk
16572.0,126,4,999.7,Medium Value,High Risk
16573.0,73,4,648.41,Medium Value,Medium Risk
16574.0,70,1,451.44,Medium Value,Medium Risk
16579.0,364,1,-30.599999999999998,Low Value,High Risk
16581.0,154,2,70.44,Low Value,High Risk
16582.0,112,1,313.62,Low Value,High Risk
16583.0,373,1,233.45,Low Value,
16584.0,79,3,908.03,Medium Value,Medium Risk
16586.0,248,1,463.95,Medium Value,High Risk
16587.0,231,1,225.15,Low Value,High Risk
16589.0,70,3,459.24,Medium Value,Medium Risk
16591.0,68,1,213.5,Low Value,Medium Risk
16592.0,3,19,4073.28,High Value,Low Risk
16593.0,50,3,330.03,Low Value,Medium Risk
16594.0,74,1,181.09,Low Value,Medium Risk
16595.0,60,1,360.16,Low Value,Medium Risk
16596.0,15,2,250.15,Low Value,Low Risk
16597.0,3,1,90.04,Low Value,Low Risk
16598.0,276,2,140.7,Low Value,High Risk
16600.0,3,6,813.52,Medium Value,Low Risk
16601.0,40,1,242.7,Low Value,Medium Risk
16602.0,30,2,494.72999999999996,Medium Value,Low Risk
16603.0,74,2,482.47,Medium Value,Medium Risk
16607.0,17,16,3038.67,High Value,Low Risk
16609.0,14,9,5450.96,High Value,Low Risk
16610.0,218,1,75.66,Low Value,High Risk
16611.0,185,2,120.99000000000001,Low Value,High Risk
16612.0,32,4,1187.66,High Value,Medium Risk
16613.0,69,1,618.59,Medium Value,Medium Risk
16614.0,182,1,506.19,Medium Value,High Risk
16616.0,14,2,500.42,Medium Value,Low Risk
16617.0,235,1,151.85,Low Value,High Risk
16618.0,30,6,2630.64,High Value,Low Risk
16619.0,253,2,204.41,Low Value,High Risk
16620.0,3,2,178.96,Low Value,Low Risk
16621.0,51,4,813.48,Medium Value,Medium Risk
16623.0,245,1,129.45,Low Value,High Risk
16624.0,80,2,810.5699999999999,Medium Value,Medium Risk
16625.0,274,1,333.08,Low Value,High Risk
16626.0,0,20,4379.65,High Value,Low Risk
16627.0,78,1,322.8,Low Value,Medium Risk
16628.0,29,6,2183.04,High Value,Low Risk
16629.0,73,2,408.63,Medium Value,Medium Risk
16633.0,16,7,2878.15,High Value,Low Risk
16634.0,222,2,217.9,Low Value,High Risk
16637.0,31,5,1124.59,Medium Value,Medium Risk
16638.0,22,11,1676.47,High Value,Low Risk
16639.0,24,4,1169.38,High Value,Low Risk
16641.0,105,1,231.10000000000002,Low Value,High Risk
16642.0,4,3,679.83,Medium Value,Low Risk
16643.0,245,1,487.51,Medium Value,High Risk
16644.0,177,2,833.78,Medium Value,High Risk
16647.0,169,2,214.06,Low Value,High Risk
16648.0,38,2,270.85999999999996,Low Value,Medium Risk
16650.0,71,1,518.42,Medium Value,Medium Risk
16652.0,53,11,6654.26,High Value,Medium Risk
16653.0,15,3,1166.92,High Value,Low Risk
16654.0,140,5,594.97,Medium Value,High Risk
16655.0,17,6,3789.52,High Value,Low Risk
16656.0,21,21,8568.24,High Value,Low Risk
16657.0,9,4,874.43,Medium Value,Low Risk
16658.0,367,1,123.24,Low Value,
16659.0,188,1,39.12,Low Value,High Risk
16660.0,15,5,810.4499999999999,Medium Value,Low Risk
16665.0,361,1,135.39999999999998,Low Value,High Risk
16666.0,18,1,118.98,Low Value,Low Risk
16667.0,67,2,567.1800000000001,Medium Value,Medium Risk
16668.0,14,6,306.71999999999997,Low Value,Low Risk
16669.0,23,4,1344.88,High Value,Low Risk
16670.0,16,17,4022.46,High Value,Low Risk
16671.0,27,3,1692.27,High Value,Low Risk
16672.0,1,23,8093.59,High Value,Low Risk
16674.0,54,2,304.24,Low Value,Medium Risk
16676.0,33,5,1558.72,High Value,Medium Risk
16678.0,2,17,3013.83,High Value,Low Risk
16679.0,365,1,129.75,Low Value,High Risk
16680.0,42,1,183.7,Low Value,Medium Risk
16681.0,72,6,1770.34,High Value,Medium Risk
16682.0,4,5,1028.0,Medium Value,Low Risk
16684.0,3,31,65892.08,High Value,Low Risk
16685.0,60,2,324.24,Low Value,Medium Risk
16686.0,46,9,2940.53,High Value,Medium Risk
16688.0,0,4,1260.86,High Value,Low Risk
16689.0,75,3,303.26,Low Value,Medium Risk
16690.0,43,3,208.63,Low Value,Medium Risk
16692.0,255,2,1276.0,High Value,High Risk
16693.0,68,2,477.86,Medium Value,Medium Risk
16696.0,134,4,657.9000000000001,Medium Value,High Risk
16697.0,240,1,112.75,Low Value,High Risk
16698.0,226,2,1998.0,High Value,High Risk
16700.0,8,17,5040.0,High Value,Low Risk
16701.0,8,18,5150.2699999999995,High Value,Low Risk
16705.0,0,29,13946.130000000001,High Value,Low Risk
16706.0,36,3,531.35,Medium Value,Medium Risk
16708.0,45,1,656.63,Medium Value,Medium Risk
16709.0,84,5,3029.87,High Value,Medium Risk
16710.0,18,10,2467.99,High Value,Low Risk
16711.0,2,5,1651.03,High Value,Low Risk
16712.0,8,11,3611.31,High Value,Low Risk
16713.0,18,21,6827.88,High Value,Low Risk
16714.0,218,4,879.0600000000001,Medium Value,High Risk
16715.0,77,1,301.71999999999997,Low Value,Medium Risk
16716.0,266,3,319.8000000000001,Low Value,High Risk
16717.0,8,9,3263.06,High Value,Low Risk
16718.0,368,1,606.0500000000001,Medium Value,
16719.0,14,8,1753.72,High Value,Low Risk
16720.0,25,1,152.95,Low Value,Low Risk
16721.0,261,1,292.47,Low Value,High Risk
16722.0,16,16,4711.21,High Value,Low Risk
16723.0,90,2,576.4,Medium Value,Medium Risk
16725.0,301,8,752.32,Medium Value,High Risk
16726.0,25,5,1358.74,High Value,Low Risk
16727.0,363,1,256.32,Low Value,High Risk
16728.0,45,4,1048.28,Medium Value,Medium Risk
16729.0,35,26,7041.69,High Value,Medium Risk
16730.0,51,4,702.79,Medium Value,Medium Risk
16732.0,31,1,603.75,Medium Value,Medium Risk
16734.0,51,3,646.76,Medium Value,Medium Risk
16735.0,78,7,2216.06,High Value,Medium Risk
16737.0,52,1,417.59999999999997,Medium Value,Medium Risk
16738.0,297,1,3.75,Low Value,High Risk
16739.0,171,2,312.55,Low Value,High Risk
16742.0,46,2,0.0,Low Value,Medium Risk
16743.0,28,8,2166.88,High Value,Low Risk
16744.0,10,7,1291.91,High Value,Low Risk
16745.0,86,18,7157.1,High Value,Medium Risk
16746.0,4,19,6676.76,High Value,Low Risk
16747.0,24,4,826.96,Medium Value,Low Risk
16748.0,17,5,1515.9,High Value,Low Risk
16750.0,44,5,623.93,Medium Value,Medium Risk
16751.0,30,1,1764.72,High Value,Low Risk
16752.0,372,1,207.5,Low Value,
16753.0,57,1,223.92000000000002,Low Value,Medium Risk
16754.0,371,1,2002.4,High Value,
16755.0,113,5,1463.23,High Value,High Risk
16756.0,214,1,239.4,Low Value,High Risk
16757.0,318,1,106.83000000000001,Low Value,High Risk
16758.0,64,1,369.34000000000003,Low Value,Medium Risk
16759.0,7,4,772.84,Medium Value,Low Risk
16761.0,96,1,316.62,Low Value,High Risk
16762.0,19,3,1207.24,High Value,Low Risk
16763.0,184,2,594.9,Medium Value,High Risk
16764.0,3,18,2749.9500000000003,High Value,Low Risk
16765.0,293,1,34.0,Low Value,High Risk
16766.0,272,2,1145.6,High Value,High Risk
16767.0,30,11,5575.56,High Value,Low Risk
16768.0,47,5,458.04,Medium Value,Medium Risk
16769.0,259,1,361.54,Low Value,High Risk
16770.0,57,6,731.9,Medium Value,Medium Risk
16771.0,32,5,2242.61,High Value,Medium Risk
16773.0,56,1,171.59,Low Value,Medium Risk
16774.0,67,5,654.92,Medium Value,Medium Risk
16775.0,9,11,1691.51,High Value,Low Risk
16776.0,59,1,371.54,Low Value,Medium Risk
16777.0,79,2,222.62,Low Value,Medium Risk
16778.0,73,2,245.94,Low Value,Medium Risk
16779.0,1,28,10436.05,High Value,Low Risk
16780.0,99,2,422.24,Medium Value,High Risk
16781.0,364,2,294.65,Low Value,High Risk
16782.0,9,19,2230.3,High Value,Low Risk
16784.0,19,1,107.6,Low Value,Low Risk
16788.0,122,2,594.39,Medium Value,High Risk
16789.0,7,1,80.8,Low Value,Low Risk
16790.0,3,8,1520.1200000000001,High Value,Low Risk
16791.0,28,8,1690.28,High Value,Low Risk
16792.0,281,2,110.38000000000001,Low Value,High Risk
16793.0,56,1,243.84,Low Value,Medium Risk
16794.0,0,12,1175.3,High Value,Low Risk
16795.0,364,1,414.88,Medium Value,High Risk
16796.0,88,1,305.62,Low Value,Medium Risk
16800.0,10,1,1162.65,High Value,Low Risk
16801.0,162,5,842.33,Medium Value,High Risk
16803.0,64,1,332.3,Low Value,Medium Risk
16804.0,22,3,536.99,Medium Value,Low Risk
16805.0,173,2,460.59,Medium Value,High Risk
16806.0,102,4,762.16,Medium Value,High Risk
16807.0,142,3,1121.59,Medium Value,High Risk
16808.0,98,2,288.42,Low Value,High Risk
16809.0,22,6,912.74,Medium Value,Low Risk
16810.0,191,2,275.64,Low Value,High Risk
16811.0,4,2,547.07,Medium Value,Low Risk
16812.0,360,1,479.35,Medium Value,High Risk
16813.0,7,10,1652.18,High Value,Low Risk
16814.0,13,22,6408.2,High Value,Low Risk
16816.0,102,4,417.06,Medium Value,High Risk
16817.0,2,13,1446.95,High Value,Low Risk
16818.0,10,13,3317.97,High Value,Low Risk
16820.0,95,1,497.61,Medium Value,High Risk
16823.0,226,1,358.38,Low Value,High Risk
16824.0,15,2,460.64,Medium Value,Low Risk
16825.0,38,2,775.1800000000001,Medium Value,Medium Risk
16826.0,50,1,341.7,Low Value,Medium Risk
16828.0,92,2,128.5,Low Value,High Risk
16829.0,156,1,197.22,Low Value,High Risk
16830.0,38,1,325.91,Low Value,Medium Risk
16832.0,183,3,199.15,Low Value,High Risk
16833.0,0,4,1106.53,Medium Value,Low Risk
16834.0,227,1,413.46,Medium Value,High Risk
16835.0,127,2,180.85,Low Value,High Risk
16836.0,39,2,251.87,Low Value,Medium Risk
16837.0,30,12,3167.73,High Value,Low Risk
16838.0,196,3,582.9,Medium Value,High Risk
16839.0,8,39,15357.78,High Value,Low Risk
16841.0,36,7,1774.62,High Value,Medium Risk
16842.0,63,4,1260.44,High Value,Medium Risk
16843.0,42,17,10183.82,High Value,Medium Risk
16846.0,49,1,214.32,Low Value,Medium Risk
16847.0,42,1,193.44,Low Value,Medium Risk
16848.0,52,1,281.42,Low Value,Medium Risk
16849.0,186,1,124.57,Low Value,High Risk
16850.0,333,1,332.41,Low Value,High Risk
16851.0,3,3,342.45,Low Value,Low Risk
16852.0,9,2,144.91000000000003,Low Value,Low Risk
16855.0,23,2,328.4,Low Value,Low Risk
16856.0,14,1,35.400000000000006,Low Value,Low Risk
16858.0,365,2,345.89000000000004,Low Value,High Risk
16859.0,105,5,473.14,Medium Value,High Risk
16861.0,59,3,151.65,Low Value,Medium Risk
16863.0,28,4,481.35,Medium Value,Low Risk
16866.0,140,3,207.73999999999998,Low Value,High Risk
16869.0,22,5,797.3199999999999,Medium Value,Low Risk
16871.0,21,7,2761.4900000000002,High Value,Low Risk
16872.0,76,3,680.02,Medium Value,Medium Risk
16873.0,4,10,7066.31,High Value,Low Risk
16875.0,63,9,2023.47,High Value,Medium Risk
16877.0,11,6,846.62,Medium Value,Low Risk
16878.0,24,2,0.0,Low Value,Low Risk
16880.0,30,7,1491.43,High Value,Low Risk
16881.0,66,1,432.0,Medium Value,Medium Risk
16882.0,66,3,705.12,Medium Value,Medium Risk
16883.0,186,2,272.48,Low Value,High Risk
16884.0,37,2,429.84000000000003,Medium Value,Medium Risk
16885.0,14,3,450.41,Medium Value,Low Risk
16887.0,34,1,192.32999999999998,Low Value,Medium Risk
16889.0,194,3,1578.67,High Value,High Risk
16891.0,1,5,742.43,Medium Value,Low Risk
16892.0,0,7,489.49,Medium Value,Low Risk
16893.0,366,1,145.93,Low Value,
16895.0,64,1,202.27,Low Value,Medium Risk
16897.0,298,3,213.03,Low Value,High Risk
16898.0,25,4,436.68,Medium Value,Low Risk
16899.0,7,6,1271.06,High Value,Low Risk
16900.0,11,5,187.6900000000001,Low Value,Low Risk
16902.0,115,1,1706.88,High Value,High Risk
16903.0,28,1,363.2,Low Value,Low Risk
16904.0,3,16,3653.75,High Value,Low Risk
16905.0,4,8,3020.65,High Value,Low Risk
16906.0,81,4,559.59,Medium Value,Medium Risk
16907.0,28,5,928.76,Medium Value,Low Risk
16909.0,63,2,364.14,Low Value,Medium Risk
16910.0,3,8,1508.96,High Value,Low Risk
16912.0,22,14,2508.87,High Value,Low Risk
16913.0,289,1,113.44,Low Value,High Risk
16914.0,35,1,183.76,Low Value,Medium Risk
16915.0,8,6,621.6800000000001,Medium Value,Low Risk
16916.0,23,2,562.41,Medium Value,Low Risk
16917.0,276,1,391.52,Medium Value,High Risk
16918.0,49,7,1043.34,Medium Value,Medium Risk
16919.0,155,11,2592.25,High Value,High Risk
16921.0,60,1,154.18,Low Value,Medium Risk
16923.0,11,26,6488.3,High Value,Low Risk
16924.0,20,4,722.64,Medium Value,Low Risk
16926.0,370,1,230.25,Low Value,
16927.0,115,3,543.05,Medium Value,High Risk
16928.0,79,19,2748.6,High Value,Medium Risk
16929.0,3,7,1295.39,High Value,Low Risk
16930.0,25,3,378.89,Medium Value,Low Risk
16931.0,4,21,4554.87,High Value,Low Risk
16932.0,52,1,150.23000000000002,Low Value,Medium Risk
16933.0,0,5,530.08,Medium Value,Low Risk
16934.0,54,2,931.03,Medium Value,Medium Risk
16936.0,25,1,261.9,Low Value,Low Risk
16938.0,8,5,1878.43,High Value,Low Risk
16940.0,51,3,3049.88,High Value,Medium Risk
16942.0,12,10,1878.51,High Value,Low Risk
16943.0,211,3,816.73,Medium Value,High Risk
16945.0,21,19,4345.5,High Value,Low Risk
16947.0,235,1,406.48,Medium Value,High Risk
16948.0,138,3,435.02,Medium Value,High Risk
16949.0,3,7,1161.27,High Value,Low Risk
16950.0,56,3,1178.56,High Value,Medium Risk
16951.0,122,4,1262.75,High Value,High Risk
16952.0,108,2,167.61,Low Value,High Risk
16953.0,29,1,20.8,Low Value,Low Risk
16954.0,0,9,2085.08,High Value,Low Risk
16955.0,184,5,493.67,Medium Value,High Risk
16956.0,8,2,292.34,Low Value,Low Risk
16957.0,238,2,416.64,Medium Value,High Risk
16959.0,86,1,117.35000000000001,Low Value,Medium Risk
16960.0,38,3,507.05,Medium Value,Medium Risk
16961.0,115,1,234.17,Low Value,High Risk
16963.0,186,1,110.55000000000001,Low Value,High Risk
16965.0,226,1,201.19,Low Value,High Risk
16966.0,7,10,2148.47,High Value,Low Risk
16967.0,188,1,319.02,Low Value,High Risk
16968.0,3,2,439.43,Medium Value,Low Risk
16969.0,38,3,650.41,Medium Value,Medium Risk
16971.0,2,2,232.20999999999998,Low Value,Low Risk
16976.0,266,1,251.51999999999998,Low Value,High Risk
16978.0,77,1,344.33,Low Value,Medium Risk
16979.0,3,8,1809.05,High Value,Low Risk
16980.0,254,2,1028.46,Medium Value,High Risk
16982.0,60,1,384.06,Medium Value,Medium Risk
16983.0,12,8,1894.82,High Value,Low Risk
16984.0,77,5,4370.59,High Value,Medium Risk
16985.0,16,11,5461.62,High Value,Low Risk
16986.0,29,2,1873.2,High Value,Low Risk
16987.0,2,7,1616.8,High Value,Low Risk
16988.0,4,1,126.12,Low Value,Low Risk
16989.0,6,6,1133.25,Medium Value,Low Risk
16990.0,218,1,179.0,Low Value,High Risk
16992.0,10,6,1601.8600000000001,High Value,Low Risk
16995.0,371,1,-1.25,Low Value,
16996.0,29,9,1427.46,High Value,Low Risk
16997.0,287,3,702.0,Medium Value,High Risk
16998.0,149,6,287.02000000000004,Low Value,High Risk
16999.0,22,2,484.82,Medium Value,Low Risk
17001.0,0,11,3989.57,High Value,Low Risk
17002.0,72,4,1487.78,High Value,Medium Risk
17004.0,45,2,1312.1399999999999,High Value,Medium Risk
17006.0,4,4,781.78,Medium Value,Low Risk
17007.0,50,7,877.4300000000001,Medium Value,Medium Risk
17010.0,16,2,185.46,Low Value,Low Risk
17011.0,29,1,270.9,Low Value,Low Risk
17014.0,7,4,562.6800000000001,Medium Value,Low Risk
17015.0,28,3,1838.6100000000001,High Value,Low Risk
17017.0,2,27,8574.11,High Value,Low Risk
17018.0,40,2,920.1,Medium Value,Medium Risk
17019.0,10,4,1258.08,High Value,Low Risk
17022.0,30,1,71.0,Low Value,Low Risk
17024.0,44,3,95.85,Low Value,Medium Risk
17025.0,60,3,357.77,Low Value,Medium Risk
17026.0,184,2,154.82999999999998,Low Value,High Risk
17027.0,78,7,835.86,Medium Value,Medium Risk
17029.0,110,2,716.0,Medium Value,High Risk
17030.0,63,1,146.87,Low Value,Medium Risk
17031.0,11,2,380.35,Medium Value,Low Risk
17033.0,85,3,1030.14,Medium Value,Medium Risk
17034.0,15,4,734.5699999999999,Medium Value,Low Risk
17035.0,245,3,388.33,Medium Value,High Risk
17037.0,77,2,1253.22,High Value,Medium Risk
17038.0,29,1,112.4,Low Value,Low Risk
17040.0,137,1,449.73,Medium Value,High Risk
17041.0,26,4,1055.69,Medium Value,Low Risk
17042.0,2,5,1036.58,Medium Value,Low Risk
17043.0,31,4,1735.18,High Value,Medium Risk
17044.0,8,3,897.4300000000001,Medium Value,Low Risk
17045.0,112,3,339.44,Low Value,High Risk
17046.0,156,1,642.02,Medium Value,High Risk
17047.0,84,3,1100.9,Medium Value,Medium Risk
17048.0,114,6,864.32,Medium Value,High Risk
17049.0,2,11,5589.83,High Value,Low Risk
17050.0,95,6,3185.64,High Value,High Risk
17051.0,193,1,240.89000000000001,Low Value,High Risk
17052.0,27,1,399.09,Medium Value,Low Risk
17053.0,128,2,496.38,Medium Value,High Risk
17054.0,27,6,1353.83,High Value,Low Risk
17058.0,81,3,1179.89,High Value,Medium Risk
17059.0,29,5,3080.39,High Value,Low Risk
17060.0,265,1,234.24,Low Value,High Risk
17061.0,73,12,5116.13,High Value,Medium Risk
17062.0,313,5,529.4300000000001,Medium Value,High Risk
17063.0,8,11,1421.59,High Value,Low Risk
17064.0,58,3,855.45,Medium Value,Medium Risk
17065.0,142,1,-112.35,Low Value,High Risk
17068.0,11,22,4531.34,High Value,Low Risk
17069.0,27,13,2655.2200000000003,High Value,Low Risk
17070.0,113,1,304.24,Low Value,High Risk
17071.0,8,14,2385.48,High Value,Low Risk
17073.0,17,4,1446.09,High Value,Low Risk
17075.0,17,5,813.77,Medium Value,Low Risk
17076.0,35,3,841.0799999999999,Medium Value,Medium Risk
17078.0,35,2,378.2,Medium Value,Medium Risk
17079.0,77,1,118.80000000000001,Low Value,Medium Risk
17080.0,21,3,285.5,Low Value,Low Risk
17081.0,24,2,288.91,Low Value,Low Risk
17082.0,32,2,2003.85,High Value,Medium Risk
17083.0,108,3,1405.78,High Value,High Risk
17084.0,34,2,2747.9900000000002,High Value,Medium Risk
17085.0,122,6,1550.8,High Value,High Risk
17086.0,6,6,2050.08,High Value,Low Risk
17088.0,27,4,1991.01,High Value,Low Risk
17090.0,3,8,1972.55,High Value,Low Risk
17091.0,2,10,3802.81,High Value,Low Risk
17092.0,49,4,1774.03,High Value,Medium Risk
17094.0,317,2,270.20000000000005,Low Value,High Risk
17095.0,21,6,1088.2,Medium Value,Low Risk
17096.0,8,7,992.6800000000001,Medium Value,Low Risk
17097.0,1,9,937.92,Medium Value,Low Risk
17100.0,17,2,971.74,Medium Value,Low Risk
17101.0,9,4,1621.73,High Value,Low Risk
17102.0,261,1,25.5,Low Value,High Risk
17105.0,158,2,665.78,Medium Value,High Risk
17107.0,32,7,10362.48,High Value,Medium Risk
17109.0,28,8,865.9300000000001,Medium Value,Low Risk
17110.0,164,1,163.29999999999998,Low Value,High Risk
17111.0,46,1,231.61,Low Value,Medium Risk
17114.0,5,10,739.72,Medium Value,Low Risk
17115.0,7,5,806.9000000000001,Medium Value,Low Risk
17117.0,287,1,116.19999999999999,Low Value,High Risk
17118.0,317,1,157.02,Low Value,High Risk
17119.0,2,3,593.61,Medium Value,Low Risk
17120.0,232,1,307.46,Low Value,High Risk
17122.0,118,1,138.32,Low Value,High Risk
17123.0,161,1,345.29999999999995,Low Value,High Risk
17124.0,184,1,294.24,Low Value,High Risk
17125.0,49,1,230.5,Low Value,Medium Risk
17126.0,151,7,976.55,Medium Value,High Risk
17128.0,334,1,157.09,Low Value,High Risk
17131.0,4,5,2463.17,High Value,Low Risk
17133.0,15,7,4892.240000000001,High Value,Low Risk
17134.0,106,2,413.2,Medium Value,High Risk
17135.0,15,7,1139.73,High Value,Low Risk
17138.0,275,1,380.5,Medium Value,High Risk
17139.0,15,15,10567.87,High Value,Low Risk
17140.0,246,1,454.12,Medium Value,High Risk
17142.0,238,1,579.0,Medium Value,High Risk
17144.0,0,2,984.57,Medium Value,Low Risk
17146.0,105,3,749.78,Medium Value,High Risk
17147.0,22,6,1679.64,High Value,Low Risk
17148.0,51,1,124.88,Low Value,Medium Risk
17152.0,194,4,1503.5,High Value,High Risk
17153.0,23,1,213.78,Low Value,Low Risk
17154.0,74,1,329.34,Low Value,Medium Risk
17155.0,17,2,251.70000000000002,Low Value,Low Risk
17157.0,7,3,306.55,Low Value,Low Risk
17158.0,31,3,1266.97,High Value,Medium Risk
17159.0,21,4,1534.73,High Value,Low Risk
17160.0,30,6,3518.03,High Value,Low Risk
17162.0,28,11,1707.21,High Value,Low Risk
17163.0,21,2,293.1,Low Value,Low Risk
17164.0,32,8,2466.4,High Value,Medium Risk
17165.0,283,1,158.68,Low Value,High Risk
17166.0,38,3,189.49,Low Value,Medium Risk
17169.0,49,4,816.88,Medium Value,Medium Risk
17171.0,288,1,224.91,Low Value,High Risk
17172.0,74,2,313.26,Low Value,Medium Risk
17173.0,4,9,3755.65,High Value,Low Risk
17174.0,217,1,59.9,Low Value,High Risk
17175.0,43,5,1430.94,High Value,Medium Risk
17176.0,201,1,306.13,Low Value,High Risk
17179.0,177,3,711.79,Medium Value,High Risk
17180.0,55,6,768.32,Medium Value,Medium Risk
17181.0,56,2,239.92000000000002,Low Value,Medium Risk
17183.0,7,8,3286.9100000000003,High Value,Low Risk
17186.0,46,2,144.0,Low Value,Medium Risk
17187.0,226,1,203.95,Low Value,High Risk
17188.0,10,9,2275.58,High Value,Low Risk
17189.0,105,2,383.75,Medium Value,High Risk
17190.0,58,3,249.74,Low Value,Medium Risk
17191.0,27,7,2093.68,High Value,Low Risk
17193.0,35,9,1674.46,High Value,Medium Risk
17194.0,273,2,262.62,Low Value,High Risk
17197.0,29,1,1013.01,Medium Value,Low Risk
17198.0,23,3,692.22,Medium Value,Low Risk
17201.0,53,1,289.78,Low Value,Medium Risk
17203.0,35,6,3560.08,High Value,Medium Risk
17204.0,168,9,1352.91,High Value,High Risk
17205.0,53,1,384.08,Medium Value,Medium Risk
17206.0,52,1,204.24,Low Value,Medium Risk
17211.0,26,9,2299.67,High Value,Low Risk
17212.0,252,1,226.85,Low Value,High Risk
17213.0,39,11,2741.08,High Value,Medium Risk
17214.0,59,7,974.12,Medium Value,Medium Risk
17217.0,233,1,113.5,Low Value,High Risk
17218.0,3,10,1951.97,High Value,Low Risk
17219.0,31,1,114.23,Low Value,Medium Risk
17220.0,23,14,3187.55,High Value,Low Risk
17221.0,6,2,334.48,Low Value,Low Risk
17222.0,64,1,328.65,Low Value,Medium Risk
17223.0,309,2,416.89,Medium Value,High Risk
17226.0,308,1,393.49,Medium Value,High Risk
17227.0,18,6,939.32,Medium Value,Low Risk
17228.0,15,8,1906.09,High Value,Low Risk
17229.0,95,2,318.76,Low Value,High Risk
17230.0,263,11,3466.67,High Value,High Risk
17231.0,11,14,3078.22,High Value,Low Risk
17232.0,2,2,417.77,Medium Value,Low Risk
17233.0,34,1,190.88,Low Value,Medium Risk
17234.0,182,1,149.89000000000001,Low Value,High Risk
17235.0,24,2,550.06,Medium Value,Low Risk
17236.0,12,6,916.13,Medium Value,Low Risk
17237.0,10,2,314.69,Low Value,Low Risk
17238.0,2,17,3719.1,High Value,Low Risk
17239.0,312,2,379.95,Medium Value,High Risk
17242.0,107,2,1135.04,Medium Value,High Risk
17243.0,0,30,8491.75,High Value,Low Risk
17244.0,52,1,954.9,Medium Value,Medium Risk
17245.0,204,1,171.45,Low Value,High Risk
17247.0,14,1,280.09000000000003,Low Value,Low Risk
17248.0,119,1,318.65,Low Value,High Risk
17250.0,3,2,381.97,Medium Value,Low Risk
17251.0,362,1,269.83,Low Value,High Risk
17252.0,116,2,348.91,Low Value,High Risk
17253.0,17,1,178.26,Low Value,Low Risk
17254.0,4,2,271.19,Low Value,Low Risk
17255.0,40,2,291.48,Low Value,Medium Risk
17256.0,106,2,240.0,Low Value,High Risk
17259.0,147,2,581.23,Medium Value,High Risk
17262.0,51,5,1253.3600000000001,High Value,Medium Risk
17263.0,207,1,63.440000000000005,Low Value,High Risk
17265.0,138,2,550.01,Medium Value,High Risk
17266.0,1,3,296.58,Low Value,Low Risk
17267.0,126,2,317.2,Low Value,High Risk
17268.0,107,4,763.64,Medium Value,High Risk
17272.0,41,5,2144.53,High Value,Medium Risk
17274.0,34,1,107.82,Low Value,Medium Risk
17277.0,227,2,1065.3500000000001,Medium Value,High Risk
17278.0,240,1,246.04,Low Value,High Risk
17279.0,57,1,187.82999999999998,Low Value,Medium Risk
17282.0,129,3,1685.46,High Value,High Risk
17284.0,59,7,1636.58,High Value,Medium Risk
17286.0,21,1,151.37,Low Value,Low Risk
17287.0,25,7,1049.06,Medium Value,Low Risk
17288.0,8,7,1417.63,High Value,Low Risk
17289.0,31,4,922.77,Medium Value,Medium Risk
17290.0,3,2,513.01,Medium Value,Low Risk
17291.0,307,1,550.8000000000001,Medium Value,High Risk
17293.0,7,9,1854.06,High Value,Low Risk
17295.0,28,3,547.0,Medium Value,Low Risk
17297.0,16,1,128.18,Low Value,Low Risk
17298.0,100,2,498.42,Medium Value,High Risk
17299.0,11,4,656.61,Medium Value,Low Risk
17301.0,20,1,163.24,Low Value,Low Risk
17302.0,14,6,1119.93,Medium Value,Low Risk
17303.0,360,1,250.04,Low Value,High Risk
17306.0,10,21,8600.73,High Value,Low Risk
17307.0,364,1,-152.64000000000001,Low Value,High Risk
17309.0,94,1,82.75,Low Value,High Risk
17311.0,77,2,1384.85,High Value,Medium Risk
17312.0,138,3,644.3,Medium Value,High Risk
17313.0,17,2,2288.13,High Value,Low Risk
17314.0,24,11,2514.76,High Value,Low Risk
17315.0,0,43,6193.43,High Value,Low Risk
17317.0,45,5,2524.02,High Value,Medium Risk
17320.0,99,3,1200.6200000000001,High Value,High Risk
17321.0,7,2,657.16,Medium Value,Low Risk
17323.0,14,9,894.44,Medium Value,Low Risk
17324.0,17,4,986.48,Medium Value,Low Risk
17325.0,279,1,96.8,Low Value,High Risk
17329.0,13,2,523.11,Medium Value,Low Risk
17330.0,22,2,363.9,Low Value,Low Risk
17331.0,123,1,175.2,Low Value,High Risk
17333.0,85,1,494.25,Medium Value,Medium Risk
17334.0,300,3,306.6,Low Value,High Risk
17337.0,150,7,1897.51,High Value,High Risk
17338.0,16,10,6461.79,High Value,Low Risk
17339.0,93,2,243.36,Low Value,High Risk
17340.0,8,16,11891.18,High Value,Low Risk
17341.0,156,3,682.29,Medium Value,High Risk
17343.0,354,1,193.64,Low Value,High Risk
17344.0,45,1,157.62,Low Value,Medium Risk
17345.0,14,4,519.6899999999999,Medium Value,Low Risk
17346.0,3,16,2557.9,High Value,Low Risk
17347.0,85,1,228.96,Low Value,Medium Risk
17348.0,14,5,1156.6,High Value,Low Risk
17349.0,178,1,98.25,Low Value,High Risk
17350.0,7,5,1251.44,High Value,Low Risk
17351.0,35,3,587.15,Medium Value,Medium Risk
17353.0,128,2,1740.0,High Value,High Risk
17354.0,50,1,1393.06,High Value,Medium Risk
17356.0,311,1,178.22,Low Value,High Risk
17357.0,23,2,384.39,Medium Value,Low Risk
17358.0,302,2,360.81,Low Value,High Risk
17359.0,10,1,127.86,Low Value,Low Risk
17360.0,16,3,568.24,Medium Value,Low Risk
17361.0,48,3,488.2,Medium Value,Medium Risk
17362.0,238,2,312.23,Low Value,High Risk
17364.0,0,12,4437.23,High Value,Low Risk
17365.0,12,8,4767.36,High Value,Low Risk
17367.0,237,1,167.55,Low Value,High Risk
17368.0,22,9,1315.72,High Value,Low Risk
17370.0,72,4,446.18,Medium Value,Medium Risk
17371.0,16,3,418.4,Medium Value,Low Risk
17372.0,40,8,1337.18,High Value,Medium Risk
17373.0,39,4,646.92,Medium Value,Medium Risk
17374.0,218,2,495.77,Medium Value,High Risk
17375.0,189,4,372.5,Medium Value,High Risk
17376.0,70,2,203.2,Low Value,Medium Risk
17377.0,23,21,3883.32,High Value,Low Risk
17379.0,10,1,389.71999999999997,Medium Value,Low Risk
17381.0,8,30,20272.43,High Value,Low Risk
17382.0,64,1,65.4,Low Value,Medium Risk
17383.0,3,1,193.39000000000001,Low Value,Low Risk
17384.0,18,2,336.4,Low Value,Low Risk
17385.0,14,1,256.11,Low Value,Low Risk
17386.0,7,6,2686.42,High Value,Low Risk
17387.0,19,2,746.81,Medium Value,Low Risk
17388.0,77,4,1259.56,High Value,Medium Risk
17389.0,0,43,31300.079999999998,High Value,Low Risk
17391.0,163,2,508.8,Medium Value,High Risk
17392.0,306,2,417.27,Medium Value,High Risk
17394.0,218,1,203.86999999999998,Low Value,High Risk
17396.0,38,8,7330.8,High Value,Medium Risk
17397.0,21,2,681.41,Medium Value,Low Risk
17398.0,114,3,653.38,Medium Value,High Risk
17400.0,125,5,2097.84,High Value,High Risk
17402.0,4,13,2633.85,High Value,Low Risk
17403.0,35,1,263.92,Low Value,Medium Risk
17404.0,3,18,30300.82,High Value,Low Risk
17405.0,0,5,967.22,Medium Value,Low Risk
17406.0,329,5,1912.72,High Value,High Risk
17408.0,162,1,32.65,Low Value,High Risk
17409.0,184,2,771.85,Medium Value,High Risk
17410.0,15,5,1214.72,High Value,Low Risk
17411.0,11,4,748.94,Medium Value,Low Risk
17412.0,2,7,1258.06,High Value,Low Risk
17414.0,43,2,778.0,Medium Value,Medium Risk
17415.0,79,1,507.84,Medium Value,Medium Risk
17416.0,29,9,6838.34,High Value,Low Risk
17418.0,41,2,463.46000000000004,Medium Value,Medium Risk
17419.0,10,14,4200.97,High Value,Low Risk
17420.0,49,3,598.83,Medium Value,Medium Risk
17422.0,15,10,1853.1299999999999,High Value,Low Risk
17423.0,44,4,663.63,Medium Value,Medium Risk
17425.0,18,2,759.17,Medium Value,Low Risk
17426.0,3,7,5022.26,High Value,Low Risk
17427.0,71,1,100.8,Low Value,Medium Risk
17428.0,0,33,17078.45,High Value,Low Risk
17429.0,120,4,512.12,Medium Value,High Risk
17430.0,32,2,265.76,Low Value,Medium Risk
17431.0,312,1,403.3,Medium Value,High Risk
17432.0,17,2,365.76,Low Value,Low Risk
17433.0,87,1,303.15999999999997,Low Value,Medium Risk
17434.0,1,9,2333.42,High Value,Low Risk
17436.0,1,2,216.29999999999998,Low Value,Low Risk
17438.0,246,2,378.3,Medium Value,High Risk
17440.0,147,5,177.1,Low Value,High Risk
17442.0,28,10,2210.2599999999998,High Value,Low Risk
17443.0,219,1,534.24,Medium Value,High Risk
17444.0,147,3,2940.04,High Value,High Risk
17446.0,176,2,120.9,Low Value,High Risk
17447.0,39,2,541.53,Medium Value,Medium Risk
17448.0,144,1,-4287.63,Low Value,High Risk
17449.0,1,8,2503.21,High Value,Low Risk
17450.0,7,55,187322.17,High Value,Low Risk
17451.0,0,10,1648.95,High Value,Low Risk
17453.0,17,2,486.71999999999997,Medium Value,Low Risk
17454.0,191,4,517.53,Medium Value,High Risk
17455.0,203,1,131.7,Low Value,High Risk
17456.0,364,1,249.86,Low Value,High Risk
17457.0,126,5,1737.7,High Value,High Risk
17458.0,14,1,316.5,Low Value,Low Risk
17459.0,42,2,657.3,Medium Value,Medium Risk
17460.0,78,8,452.63,Medium Value,Medium Risk
17461.0,22,3,735.82,Medium Value,Low Risk
17462.0,50,3,662.94,Medium Value,Medium Risk
17463.0,15,6,1860.81,High Value,Low Risk
17464.0,157,1,289.96000000000004,Low Value,High Risk
17466.0,9,2,763.28,Medium Value,Low Risk
17468.0,9,2,137.0,Low Value,Low Risk
17469.0,15,6,1843.06,High Value,Low Risk
17470.0,44,5,1125.07,Medium Value,Medium Risk
17472.0,190,3,697.54,Medium Value,High Risk
17475.0,78,1,194.37,Low Value,Medium Risk
17480.0,73,2,506.51,Medium Value,Medium Risk
17481.0,3,5,1249.34,High Value,Low Risk
17483.0,64,3,414.04,Medium Value,Medium Risk
17486.0,260,1,396.87,Medium Value,High Risk
17489.0,58,2,376.64,Medium Value,Medium Risk
17490.0,0,11,1926.8799999999999,High Value,Low Risk
17491.0,0,11,3541.92,High Value,Low Risk
17492.0,247,1,374.57,Medium Value,High Risk
17495.0,7,2,497.56,Medium Value,Low Risk
17496.0,358,1,271.05,Low Value,High Risk
17498.0,75,1,272.22,Low Value,Medium Risk
17499.0,289,1,622.88,Medium Value,High Risk
17500.0,16,3,1138.0,Medium Value,Low Risk
17501.0,220,2,288.6,Low Value,High Risk
17502.0,8,4,689.1,Medium Value,Low Risk
17503.0,2,2,558.96,Medium Value,Low Risk
17504.0,205,10,2745.2799999999997,High Value,High Risk
17505.0,161,2,1145.84,High Value,High Risk
17506.0,69,2,294.29,Low Value,Medium Risk
17507.0,261,2,605.58,Medium Value,High Risk
17508.0,280,1,387.31,Medium Value,High Risk
17509.0,57,11,6069.24,High Value,Medium Risk
17510.0,24,1,308.48,Low Value,Low Risk
17511.0,2,46,88125.38,High Value,Low Risk
17512.0,28,11,2920.04,High Value,Low Risk
17513.0,71,1,513.2,Medium Value,Medium Risk
17514.0,127,1,208.65,Low Value,High Risk
17515.0,30,4,639.02,Medium Value,Low Risk
17516.0,14,5,764.88,Medium Value,Low Risk
17517.0,308,1,153.94,Low Value,High Risk
17519.0,16,7,1839.07,High Value,Low Risk
17520.0,53,1,546.81,Medium Value,Medium Risk
17521.0,23,4,721.9599999999999,Medium Value,Low Risk
17522.0,1,5,1070.71,Medium Value,Low Risk
17523.0,10,4,652.74,Medium Value,Low Risk
17524.0,360,1,145.0,Low Value,High Risk
17525.0,359,1,422.70000000000005,Medium Value,High Risk
17526.0,0,8,706.7,Medium Value,Low Risk
17527.0,53,6,888.86,Medium Value,Medium Risk
17528.0,0,11,3540.1,High Value,Low Risk
17530.0,0,10,2367.12,High Value,Low Risk
17531.0,120,2,293.45,Low Value,High Risk
17534.0,53,1,223.36,Low Value,Medium Risk
17535.0,279,1,164.4,Low Value,High Risk
17536.0,176,1,76.5,Low Value,High Risk
17537.0,29,2,887.67,Medium Value,Low Risk
17538.0,25,1,98.42,Low Value,Low Risk
17540.0,8,3,570.4,Medium Value,Low Risk
17542.0,269,1,170.75,Low Value,High Risk
17545.0,42,3,642.32,Medium Value,Medium Risk
17547.0,371,1,-11.8,Low Value,
17548.0,217,3,-141.48,Low Value,High Risk
17549.0,23,2,148.86,Low Value,Low Risk
17550.0,196,3,267.16,Low Value,High Risk
17551.0,358,1,290.34,Low Value,High Risk
17552.0,42,6,909.96,Medium Value,Medium Risk
17553.0,129,1,1487.6,High Value,High Risk
17554.0,0,5,1952.45,High Value,Low Risk
17555.0,19,2,480.31,Medium Value,Low Risk
17556.0,205,1,157.9,Low Value,High Risk
17557.0,13,3,541.46,Medium Value,Low Risk
17560.0,94,5,854.95,Medium Value,High Risk
17561.0,18,1,165.12,Low Value,Low Risk
17562.0,13,8,1107.38,Medium Value,Low Risk
17564.0,23,3,454.01,Medium Value,Low Risk
17566.0,7,2,869.77,Medium Value,Low Risk
17567.0,6,10,4012.56,High Value,Low Risk
17569.0,331,1,344.14,Low Value,High Risk
17571.0,49,4,1425.67,High Value,Medium Risk
17572.0,70,4,226.75000000000003,Low Value,Medium Risk
17573.0,28,4,362.9,Low Value,Low Risk
17574.0,242,1,185.65,Low Value,High Risk
17576.0,7,22,3399.93,High Value,Low Risk
17578.0,190,2,124.74,Low Value,High Risk
17579.0,4,4,440.2,Medium Value,Low Risk
17580.0,252,3,215.72,Low Value,High Risk
17581.0,0,31,10716.31,High Value,Low Risk
17582.0,235,1,175.27,Low Value,High Risk
17584.0,6,3,1227.3,High Value,Low Risk
17585.0,108,4,1116.68,Medium Value,High Risk
17588.0,99,3,1240.2,High Value,High Risk
17589.0,59,4,2404.17,High Value,Medium Risk
17590.0,1,3,1468.02,High Value,Low Risk
17591.0,72,8,2192.7200000000003,High Value,Medium Risk
17593.0,3,6,3908.08,High Value,Low Risk
17594.0,84,2,993.18,Medium Value,Medium Risk
17595.0,11,2,386.69,Medium Value,Low Risk
17596.0,22,7,2806.69,High Value,Low Risk
17597.0,213,1,2044.3700000000001,High Value,High Risk
17600.0,17,1,161.67000000000002,Low Value,Low Risk
17601.0,238,1,116.00999999999999,Low Value,High Risk
17602.0,1,8,5002.22,High Value,Low Risk
17603.0,49,5,-1165.3,Low Value,Medium Risk
17604.0,216,2,309.36,Low Value,High Risk
17608.0,32,2,191.99,Low Value,Medium Risk
17609.0,40,6,1097.48,Medium Value,Medium Risk
17611.0,3,19,3924.77,High Value,Low Risk
17612.0,52,10,1992.76,High Value,Medium Risk
17613.0,22,17,4494.77,High Value,Low Risk
17614.0,56,1,386.32,Medium Value,Medium Risk
17615.0,129,3,329.6,Low Value,High Risk
17616.0,173,3,571.1999999999999,Medium Value,High Risk
17618.0,5,3,930.28,Medium Value,Low Risk
17619.0,311,1,214.37,Low Value,High Risk
17620.0,59,1,81.44,Low Value,Medium Risk
17621.0,20,4,1336.1,High Value,Low Risk
17623.0,32,1,527.0500000000001,Medium Value,Medium Risk
17624.0,14,2,843.48,Medium Value,Low Risk
17625.0,17,4,2020.4,High Value,Low Risk
17628.0,80,1,75.75,Low Value,Medium Risk
17629.0,5,9,1784.12,High Value,Low Risk
17630.0,169,2,503.59999999999997,Medium Value,High Risk
17631.0,1,3,528.33,Medium Value,Low Risk
17633.0,30,6,1242.34,High Value,Low Risk
17634.0,35,9,2358.59,High Value,Medium Risk
17636.0,8,2,265.93,Low Value,Low Risk
17637.0,30,2,547.0600000000001,Medium Value,Low Risk
17639.0,275,1,108.5,Low Value,High Risk
17640.0,86,1,621.66,Medium Value,Medium Risk
17642.0,119,2,712.29,Medium Value,High Risk
17643.0,372,1,101.55,Low Value,
17644.0,0,17,2768.98,High Value,Low Risk
17646.0,218,4,995.6600000000001,Medium Value,High Risk
17647.0,64,1,133.06,Low Value,Medium Risk
17648.0,60,5,1789.55,High Value,Medium Risk
17649.0,134,2,861.74,Medium Value,High Risk
17650.0,20,1,166.08,Low Value,Low Risk
17651.0,11,14,3886.67,High Value,Low Risk
17652.0,24,18,4737.13,High Value,Low Risk
17653.0,28,5,1175.88,High Value,Low Risk
17654.0,276,1,117.55,Low Value,High Risk
17655.0,10,8,2571.7400000000002,High Value,Low Risk
17656.0,72,5,1674.69,High Value,Medium Risk
17658.0,10,3,485.88,Medium Value,Low Risk
17659.0,3,14,2954.75,High Value,Low Risk
17660.0,140,1,178.75,Low Value,High Risk
17663.0,25,9,1788.27,High Value,Low Risk
17664.0,18,2,604.64,Medium Value,Low Risk
17666.0,3,2,728.16,Medium Value,Low Risk
17667.0,65,5,2055.51,High Value,Medium Risk
17668.0,0,2,347.75,Low Value,Low Risk
17669.0,42,7,3406.7200000000003,High Value,Medium Risk
17670.0,227,1,205.7,Low Value,High Risk
17671.0,15,6,1284.08,High Value,Low Risk
17672.0,43,4,3106.62,High Value,Medium Risk
17673.0,0,7,1588.07,High Value,Low Risk
17674.0,73,2,551.04,Medium Value,Medium Risk
17675.0,0,41,20098.1,High Value,Low Risk
17676.0,3,7,1366.77,High Value,Low Risk
17677.0,1,43,16201.37,High Value,Low Risk
17678.0,263,1,298.11,Low Value,High Risk
17679.0,52,2,1992.1100000000001,High Value,Medium Risk
17680.0,23,1,184.4,Low Value,Low Risk
17682.0,9,7,2459.33,High Value,Low Risk
17684.0,43,1,239.41,Low Value,Medium Risk
17685.0,16,7,3155.83,High Value,Low Risk
17686.0,6,7,5739.46,High Value,Low Risk
17690.0,29,16,4717.3,High Value,Low Risk
17691.0,357,2,290.40000000000003,Low Value,High Risk
17692.0,126,5,733.4399999999999,Medium Value,High Risk
17693.0,135,3,187.02,Low Value,High Risk
17694.0,141,1,283.12,Low Value,High Risk
17695.0,131,2,765.34,Medium Value,High Risk
17696.0,37,14,2201.05,High Value,Medium Risk
17697.0,235,1,338.95,Low Value,High Risk
17698.0,260,1,154.95,Low Value,High Risk
17700.0,16,6,2508.89,High Value,Low Risk
17701.0,252,1,417.95,Medium Value,High Risk
17702.0,29,6,1719.72,High Value,Low Risk
17703.0,34,3,798.74,Medium Value,Medium Risk
17704.0,168,2,885.19,Medium Value,High Risk
17705.0,2,10,1781.12,High Value,Low Risk
17706.0,3,22,10097.37,High Value,Low Risk
17707.0,184,2,152.4,Low Value,High Risk
17708.0,187,2,263.33,Low Value,High Risk
17709.0,169,1,137.45,Low Value,High Risk
17711.0,10,2,385.1,Medium Value,Low Risk
17712.0,44,1,522.91,Medium Value,Medium Risk
17714.0,320,1,153.0,Low Value,High Risk
17715.0,200,1,326.4,Low Value,High Risk
17716.0,22,12,5505.79,High Value,Low Risk
17718.0,231,1,139.35,Low Value,High Risk
17719.0,37,18,5367.8,High Value,Medium Risk
17720.0,25,4,1195.94,High Value,Low Risk
17722.0,95,6,2380.64,High Value,High Risk
17723.0,126,6,3276.4000000000005,High Value,High Risk
17724.0,57,4,995.6500000000001,Medium Value,Medium Risk
17725.0,15,14,3371.13,High Value,Low Risk
17727.0,8,2,1042.55,Medium Value,Low Risk
17728.0,3,5,2515.68,High Value,Low Risk
17730.0,2,15,5288.83,High Value,Low Risk
17731.0,78,5,878.2,Medium Value,Medium Risk
17732.0,372,1,303.97,Low Value,
17733.0,38,2,692.19,Medium Value,Medium Risk
17734.0,53,3,700.63,Medium Value,Medium Risk
17735.0,1,19,13110.02,High Value,Low Risk
17736.0,8,4,337.49,Low Value,Low Risk
17737.0,8,2,168.24,Low Value,Low Risk
17738.0,18,5,1863.35,High Value,Low Risk
17739.0,11,8,2786.05,High Value,Low Risk
17742.0,112,2,355.11,Low Value,High Risk
17744.0,3,7,2291.08,High Value,Low Risk
17746.0,234,2,98.8,Low Value,High Risk
17747.0,99,2,64.65,Low Value,High Risk
17749.0,177,2,674.52,Medium Value,High Risk
17750.0,4,9,1710.45,High Value,Low Risk
17752.0,358,1,80.64,Low Value,High Risk
17754.0,0,6,1632.31,High Value,Low Risk
17757.0,0,31,5573.59,High Value,Low Risk
17758.0,18,8,3408.2000000000003,High Value,Low Risk
17759.0,16,3,819.96,Medium Value,Low Risk
17760.0,21,2,287.59,Low Value,Low Risk
17761.0,32,1,712.78,Medium Value,Medium Risk
17763.0,262,1,15.0,Low Value,High Risk
17764.0,50,2,772.55,Medium Value,Medium Risk
17765.0,158,3,367.63,Low Value,High Risk
17767.0,14,1,271.2,Low Value,Low Risk
17768.0,7,3,2081.9,High Value,Low Risk
17769.0,12,12,3920.08,High Value,Low Risk
17770.0,198,5,1143.27,High Value,High Risk
17771.0,56,2,245.81,Low Value,Medium Risk
17772.0,10,2,173.45,Low Value,Low Risk
17774.0,96,5,1203.78,High Value,High Risk
17775.0,254,1,56.4,Low Value,High Risk
17777.0,24,3,647.56,Medium Value,Low Risk
17779.0,20,5,633.92,Medium Value,Low Risk
17781.0,158,2,188.02,Low Value,High Risk
17783.0,71,2,283.47,Low Value,Medium Risk
17785.0,52,1,131.94,Low Value,Medium Risk
17786.0,84,2,266.85,Low Value,Medium Risk
17787.0,152,4,1817.54,High Value,High Risk
17788.0,73,2,1117.9,Medium Value,Medium Risk
17789.0,280,1,225.9,Low Value,High Risk
17790.0,26,14,1964.3,High Value,Low Risk
17791.0,29,1,106.1,Low Value,Low Risk
17793.0,24,1,300.34,Low Value,Low Risk
17795.0,179,2,342.83,Low Value,High Risk
17796.0,39,4,690.0,Medium Value,Medium Risk
17797.0,21,3,780.43,Medium Value,Low Risk
17799.0,21,11,3009.32,High Value,Low Risk
17800.0,36,9,1187.21,High Value,Medium Risk
17802.0,81,4,1251.84,High Value,Medium Risk
17805.0,73,1,512.31,Medium Value,Medium Risk
17806.0,10,1,546.04,Medium Value,Low Risk
17809.0,15,15,4627.62,High Value,Low Risk
17811.0,3,51,7601.8,High Value,Low Risk
17812.0,12,4,699.81,Medium Value,Low Risk
17813.0,13,7,1641.79,High Value,Low Risk
17816.0,36,4,36.56,Low Value,Medium Risk
17817.0,3,3,387.68,Medium Value,Low Risk
17819.0,71,8,3661.0699999999997,High Value,Medium Risk
17820.0,190,2,-24.05,Low Value,High Risk
17824.0,50,1,298.4,Low Value,Medium Risk
17827.0,4,5,1987.33,High Value,Low Risk
17828.0,8,9,1599.97,High Value,Low Risk
17829.0,298,1,889.24,Medium Value,High Risk
17830.0,1,3,398.7,Medium Value,Low Risk
17831.0,32,1,35.400000000000006,Low Value,Medium Risk
17832.0,49,1,155.37,Low Value,Medium Risk
17835.0,2,3,342.24,Low Value,Low Risk
17836.0,46,1,110.21000000000001,Low Value,Medium Risk
17837.0,41,10,1508.38,High Value,Medium Risk
17838.0,26,6,2267.4,High Value,Low Risk
17839.0,41,1,318.15,Low Value,Medium Risk
17841.0,1,169,39869.05,High Value,Low Risk
17843.0,302,1,205.48,Low Value,High Risk
17844.0,106,1,51.559999999999995,Low Value,High Risk
17846.0,84,1,2033.1,High Value,Medium Risk
17848.0,80,9,901.1999999999999,Medium Value,Medium Risk
17849.0,217,4,605.8000000000001,Medium Value,High Risk
17850.0,301,35,5303.4800000000005,High Value,High Risk
17852.0,11,2,114.34,Low Value,Low Risk
17854.0,184,2,311.26,Low Value,High Risk
17855.0,372,1,208.97,Low Value,
17856.0,1,6,1393.79,High Value,Low Risk
17857.0,2,25,26763.34,High Value,Low Risk
17858.0,5,12,5140.66,High Value,Low Risk
17859.0,304,1,141.92000000000002,Low Value,High Risk
17860.0,368,1,226.45000000000002,Low Value,
17861.0,2,9,2056.28,High Value,Low Risk
17862.0,323,1,330.9,Low Value,High Risk
17863.0,58,6,3160.0,High Value,Medium Risk
17864.0,12,3,554.85,Medium Value,Low Risk
17865.0,30,27,10158.54,High Value,Low Risk
17866.0,142,2,325.7,Low Value,High Risk
17867.0,29,8,583.52,Medium Value,Low Risk
17869.0,106,5,428.18,Medium Value,High Risk
17870.0,1,13,1860.94,High Value,Low Risk
17871.0,204,1,155.9,Low Value,High Risk
17873.0,79,6,1754.16,High Value,Medium Risk
17874.0,184,7,658.26,Medium Value,High Risk
17877.0,169,1,237.61,Low Value,High Risk
17878.0,43,1,379.45,Medium Value,Medium Risk
17879.0,173,1,178.51999999999998,Low Value,High Risk
17880.0,364,1,458.92,Medium Value,High Risk
17881.0,303,1,133.35000000000002,Low Value,High Risk
17883.0,2,4,664.34,Medium Value,Low Risk
17884.0,3,4,695.0699999999999,Medium Value,Low Risk
17885.0,11,1,156.34,Low Value,Low Risk
17886.0,31,3,869.28,Medium Value,Medium Risk
17887.0,128,1,111.35,Low Value,High Risk
17888.0,18,10,515.73,Medium Value,Low Risk
17889.0,211,2,201.37,Low Value,High Risk
17890.0,322,2,586.89,Medium Value,High Risk
17891.0,161,1,203.85999999999999,Low Value,High Risk
17892.0,55,3,244.1,Low Value,Medium Risk
17893.0,224,1,107.21,Low Value,High Risk
17894.0,71,8,1118.96,Medium Value,Medium Risk
17895.0,43,1,95.45,Low Value,Medium Risk
17896.0,22,1,256.32,Low Value,Low Risk
17897.0,172,4,516.3100000000001,Medium Value,High Risk
17898.0,84,2,152.06,Low Value,Medium Risk
17899.0,158,1,154.55,Low Value,High Risk
17900.0,164,4,15.0,Low Value,High Risk
17901.0,28,1,110.38,Low Value,Low Risk
17904.0,20,2,168.32,Low Value,Low Risk
17905.0,70,4,798.99,Medium Value,Medium Risk
17906.0,246,1,72.9,Low Value,High Risk
17908.0,373,1,232.03,Low Value,
17911.0,8,1,366.23,Low Value,Low Risk
17912.0,309,6,294.65999999999997,Low Value,High Risk
17913.0,58,2,408.65,Medium Value,Medium Risk
17914.0,3,1,329.36,Low Value,Low Risk
17917.0,44,3,335.03,Low Value,Medium Risk
17919.0,87,1,1304.04,High Value,Medium Risk
17920.0,3,17,4119.5,High Value,Low Risk
17921.0,63,4,820.23,Medium Value,Medium Risk
17923.0,281,1,207.50000000000003,Low Value,High Risk
17924.0,0,13,2894.33,High Value,Low Risk
17925.0,372,1,244.08,Low Value,
17926.0,132,2,397.29,Medium Value,High Risk
17928.0,44,2,212.54,Low Value,Medium Risk
17929.0,10,5,834.5,Medium Value,Low Risk
17930.0,35,5,1740.48,High Value,Medium Risk
17931.0,133,2,408.36,Medium Value,High Risk
17932.0,28,3,1331.57,High Value,Low Risk
17934.0,51,2,704.25,Medium Value,Medium Risk
17935.0,137,2,145.79,Low Value,High Risk
17936.0,4,1,380.13,Medium Value,Low Risk
17937.0,8,7,4301.22,High Value,Low Risk
17939.0,159,1,99.14,Low Value,High Risk
17940.0,48,14,1897.18,High Value,Medium Risk
17941.0,130,1,304.56,Low Value,High Risk
17942.0,7,1,77.50000000000001,Low Value,Low Risk
17946.0,232,2,149.57999999999998,Low Value,High Risk
17947.0,36,1,176.68,Low Value,Medium Risk
17948.0,146,1,358.56000000000006,Low Value,High Risk
17949.0,0,52,52750.84,High Value,Low Risk
17950.0,71,4,472.12,Medium Value,Medium Risk
17951.0,39,4,990.8400000000001,Medium Value,Medium Risk
17954.0,4,16,2276.78,High Value,Low Risk
17955.0,198,4,557.3,Medium Value,High Risk
17956.0,248,1,12.75,Low Value,High Risk
17957.0,65,1,111.68,Low Value,Medium Risk
17958.0,116,1,508.4599999999999,Medium Value,High Risk
17960.0,170,1,73.78,Low Value,High Risk
17961.0,20,39,1296.44,High Value,Low Risk
17962.0,141,1,102.41,Low Value,High Risk
17964.0,31,2,463.21,Medium Value,Medium Risk
17965.0,37,14,2599.19,High Value,Medium Risk
17966.0,37,5,1098.43,Medium Value,Medium Risk
17967.0,371,1,112.27,Low Value,
17968.0,373,1,265.1,Low Value,
17969.0,165,2,228.2,Low Value,High Risk
17970.0,210,1,562.79,Medium Value,High Risk
17972.0,241,1,135.19,Low Value,High Risk
17973.0,51,1,337.04,Low Value,Medium Risk
17974.0,24,3,703.99,Medium Value,Low Risk
17975.0,14,14,4388.06,High Value,Low Risk
17976.0,371,1,321.79,Low Value,
17977.0,28,1,288.14,Low Value,Low Risk
17978.0,364,1,300.91999999999996,Low Value,High Risk
17979.0,35,5,712.51,Medium Value,Medium Risk
17980.0,165,3,811.45,Medium Value,High Risk
17984.0,144,1,152.68,Low Value,High Risk
17985.0,21,1,631.35,Medium Value,Low Risk
17986.0,55,1,20.8,Low Value,Medium Risk
17987.0,184,1,198.57,Low Value,High Risk
17988.0,11,8,191.17000000000002,Low Value,Low Risk
17990.0,236,3,630.84,Medium Value,High Risk
17991.0,224,2,93.35,Low Value,High Risk
17994.0,121,6,626.09,Medium Value,High Risk
17995.0,281,1,76.1,Low Value,High Risk
17997.0,73,12,1503.09,High Value,Medium Risk
17999.0,36,2,380.39,Medium Value,Medium Risk
18001.0,11,2,415.13,Medium Value,Low Risk
18004.0,361,1,157.92,Low Value,High Risk
18005.0,3,2,226.47,Low Value,Low Risk
18006.0,22,1,444.68,Medium Value,Low Risk
18008.0,69,9,2116.19,High Value,Medium Risk
18009.0,234,2,242.29,Low Value,High Risk
18010.0,256,1,174.8,Low Value,High Risk
18011.0,372,1,102.78999999999999,Low Value,
18013.0,154,2,187.29,Low Value,High Risk
18014.0,27,1,162.22,Low Value,Low Risk
18015.0,3,1,120.03,Low Value,Low Risk
18016.0,31,5,1477.66,High Value,Medium Risk
18017.0,80,3,523.0,Medium Value,Medium Risk
18018.0,107,2,122.14,Low Value,High Risk
18019.0,51,1,38.45,Low Value,Medium Risk
18022.0,35,1,612.72,Medium Value,Medium Risk
18024.0,152,3,236.77999999999997,Low Value,High Risk
18027.0,98,1,115.31,Low Value,High Risk
18030.0,3,3,220.7,Low Value,Low Risk
18032.0,333,1,73.5,Low Value,High Risk
18033.0,64,1,93.82000000000001,Low Value,Medium Risk
18034.0,21,2,418.68,Medium Value,Low Risk
18035.0,35,3,713.89,Medium Value,Medium Risk
18036.0,31,3,403.12,Medium Value,Medium Risk
18037.0,153,6,70.02,Low Value,High Risk
18040.0,18,2,357.20000000000005,Low Value,Low Risk
18041.0,11,22,4075.12,High Value,Low Risk
18042.0,53,1,165.04999999999998,Low Value,Medium Risk
18043.0,24,3,529.29,Medium Value,Low Risk
18044.0,3,11,2085.65,High Value,Low Risk
18045.0,44,1,178.34,Low Value,Medium Risk
18048.0,202,2,172.29000000000002,Low Value,High Risk
18050.0,358,1,74.4,Low Value,High Risk
18053.0,65,2,297.07,Low Value,Medium Risk
18055.0,6,11,6729.29,High Value,Low Risk
18056.0,287,1,363.65,Low Value,High Risk
18058.0,9,1,170.16,Low Value,Low Risk
18059.0,8,4,296.71,Low Value,Low Risk
18061.0,21,10,2119.41,High Value,Low Risk
18062.0,172,3,720.52,Medium Value,High Risk
18064.0,132,2,814.0,Medium Value,High Risk
18065.0,5,15,2380.08,High Value,Low Risk
18066.0,74,1,318.0,Low Value,Medium Risk
18067.0,39,1,396.33,Medium Value,Medium Risk
18068.0,288,1,101.69999999999999,Low Value,High Risk
18069.0,25,7,1994.39,High Value,Low Risk
18071.0,257,2,453.0,Medium Value,High Risk
18072.0,154,2,-5.329070518200751e-15,Low Value,High Risk
18073.0,113,13,3846.7400000000002,High Value,High Risk
18074.0,373,1,489.6,Medium Value,
18075.0,22,14,2538.7200000000003,High Value,Low Risk
18077.0,7,11,2584.41,High Value,Low Risk
18078.0,216,2,336.13,Low Value,High Risk
18079.0,44,4,3613.15,High Value,Medium Risk
18080.0,18,2,1231.5,High Value,Low Risk
18081.0,35,3,343.45,Low Value,Medium Risk
18082.0,25,1,680.84,Medium Value,Low Risk
18084.0,15,2,87.52999999999999,Low Value,Low Risk
18085.0,329,2,689.95,Medium Value,High Risk
18086.0,273,1,101.34,Low Value,High Risk
18087.0,97,4,3770.1199999999994,High Value,High Risk
18088.0,60,1,166.03,Low Value,Medium Risk
18092.0,1,12,9065.76,High Value,Low Risk
18093.0,92,5,2083.42,High Value,High Risk
18094.0,81,7,3017.3,High Value,Medium Risk
18095.0,312,2,580.0500000000001,Medium Value,High Risk
18096.0,11,3,849.06,Medium Value,Low Risk
18097.0,7,7,2657.45,High Value,Low Risk
18099.0,126,1,168.31,Low Value,High Risk
18101.0,10,2,222.4,Low Value,Low Risk
18102.0,0,62,256438.49,High Value,Low Risk
18104.0,36,1,754.64,Medium Value,Medium Risk
18105.0,37,1,113.48000000000002,Low Value,Medium Risk
18106.0,329,1,421.9,Medium Value,High Risk
18108.0,248,2,264.65,Low Value,High Risk
18109.0,1,31,7877.27,High Value,Low Risk
18110.0,18,2,168.55,Low Value,Low Risk
18112.0,11,2,352.69,Low Value,Low Risk
18113.0,368,1,76.32000000000001,Low Value,
18114.0,289,1,220.1,Low Value,High Risk
18116.0,67,8,1403.1100000000001,High Value,Medium Risk
18117.0,25,1,315.65,Low Value,Low Risk
18118.0,10,31,5567.03,High Value,Low Risk
18119.0,367,1,180.7,Low Value,
18120.0,213,1,111.15,Low Value,High Risk
18121.0,148,2,653.3,Medium Value,High Risk
18122.0,7,6,1793.06,High Value,Low Risk
18123.0,23,2,574.4399999999999,Medium Value,Low Risk
18125.0,29,5,1130.1,Medium Value,Low Risk
18126.0,60,1,200.92000000000002,Low Value,Medium Risk
18127.0,18,3,347.08,Low Value,Low Risk
18129.0,242,1,112.55000000000001,Low Value,High Risk
18130.0,8,4,1045.74,Medium Value,Low Risk
18133.0,210,2,715.4999999999999,Medium Value,High Risk
18135.0,28,5,681.9100000000001,Medium Value,Low Risk
18136.0,62,4,761.83,Medium Value,Medium Risk
18138.0,294,1,152.65,Low Value,High Risk
18139.0,16,8,8393.22,High Value,Low Risk
18141.0,360,1,-35.400000000000006,Low Value,High Risk
18142.0,150,4,1014.9,Medium Value,High Risk
18143.0,116,2,1000.16,Medium Value,High Risk
18144.0,7,12,2888.75,High Value,Low Risk
18145.0,12,4,2861.55,High Value,Low Risk
18146.0,140,2,160.35000000000002,Low Value,High Risk
18147.0,45,2,179.33999999999997,Low Value,Medium Risk
18149.0,50,3,612.0799999999999,Medium Value,Medium Risk
18150.0,31,3,566.58,Medium Value,Medium Risk
18151.0,134,2,653.35,Medium Value,High Risk
18154.0,2,2,399.19,Medium Value,Low Risk
18155.0,74,4,347.82,Low Value,Medium Risk
18156.0,12,2,675.64,Medium Value,Low Risk
18158.0,8,3,451.75,Medium Value,Low Risk
18159.0,300,1,530.15,Medium Value,High Risk
18160.0,56,2,638.0600000000001,Medium Value,Medium Risk
18161.0,9,6,1612.79,High Value,Low Risk
18164.0,30,2,394.7,Medium Value,Low Risk
18165.0,176,1,302.46000000000004,Low Value,High Risk
18167.0,3,6,1355.51,High Value,Low Risk
18168.0,175,9,1123.74,Medium Value,High Risk
18169.0,60,1,202.65,Low Value,Medium Risk
18170.0,32,3,980.31,Medium Value,Medium Risk
18171.0,58,7,1208.51,High Value,Medium Risk
18172.0,14,25,7490.17,High Value,Low Risk
18173.0,86,4,2106.84,High Value,Medium Risk
18174.0,6,1,104.0,Low Value,Low Risk
18176.0,353,2,448.65,Medium Value,High Risk
18177.0,30,7,1313.6200000000001,High Value,Low Risk
18178.0,113,6,1573.41,High Value,High Risk
18179.0,8,6,1793.17,High Value,Low Risk
18180.0,4,6,1843.75,High Value,Low Risk
18181.0,23,1,366.85,Low Value,Low Risk
18183.0,217,6,600.52,Medium Value,High Risk
18184.0,14,1,49.8,Low Value,Low Risk
18185.0,248,1,304.25,Low Value,High Risk
18188.0,14,4,1998.49,High Value,Low Risk
18189.0,77,3,1084.34,Medium Value,Medium Risk
18190.0,191,3,274.51,Low Value,High Risk
18191.0,261,1,207.79999999999998,Low Value,High Risk
18192.0,71,1,957.97,Medium Value,Medium Risk
18193.0,150,3,212.96,Low Value,High Risk
18194.0,63,2,896.0,Medium Value,Medium Risk
18196.0,94,2,686.63,Medium Value,High Risk
18198.0,3,21,5083.06,High Value,Low Risk
18200.0,105,1,150.35,Low Value,High Risk
18202.0,199,3,1396.99,High Value,High Risk
18203.0,156,1,160.42000000000002,Low Value,High Risk
18204.0,70,4,1960.95,High Value,Medium Risk
18205.0,35,2,517.36,Medium Value,Medium Risk
18209.0,28,1,139.10000000000002,Low Value,Low Risk
18210.0,1,6,2621.38,High Value,Low Risk
18211.0,25,5,600.07,Medium Value,Low Risk
18212.0,325,1,216.07,Low Value,High Risk
18213.0,236,1,232.48000000000002,Low Value,High Risk
18215.0,88,1,299.34000000000003,Low Value,Medium Risk
18216.0,30,1,481.75,Medium Value,Low Risk
18217.0,28,2,621.75,Medium Value,Low Risk
18218.0,205,4,606.22,Medium Value,High Risk
18219.0,2,11,2019.77,High Value,Low Risk
18220.0,219,2,297.78000000000003,Low Value,High Risk
18221.0,21,6,1033.31,Medium Value,Low Risk
18222.0,92,1,443.0,Medium Value,High Risk
18223.0,1,27,6315.2300000000005,High Value,Low Risk
18224.0,263,1,158.95000000000002,Low Value,High Risk
18225.0,2,17,5356.86,High Value,Low Risk
18226.0,38,14,5192.1,High Value,Medium Risk
18227.0,217,1,93.75,Low Value,High Risk
18228.0,49,3,769.2,Medium Value,Medium Risk
18229.0,11,20,7276.900000000001,High Value,Low Risk
18230.0,8,10,2716.6000000000004,High Value,Low Risk
18231.0,191,6,2054.67,High Value,High Risk
18232.0,81,5,582.47,Medium Value,Medium Risk
18233.0,325,1,440.0,Medium Value,High Risk
18235.0,71,3,1796.48,High Value,Medium Risk
18236.0,29,6,882.24,Medium Value,Low Risk
18237.0,2,5,987.1,Medium Value,Low Risk
18239.0,218,5,1561.6100000000001,High Value,High Risk
18240.0,45,1,422.58,Medium Value,Medium Risk
18241.0,9,18,2058.09,High Value,Low Risk
18242.0,71,4,2232.4900000000002,High Value,Medium Risk
18245.0,6,8,2507.56,High Value,Low Risk
18246.0,23,2,596.1,Medium Value,Low Risk
18248.0,113,4,783.02,Medium Value,High Risk
18249.0,16,1,95.34,Low Value,Low Risk
18250.0,300,2,342.92,Low Value,High Risk
18251.0,86,1,4314.72,High Value,Medium Risk
18252.0,50,2,518.27,Medium Value,Medium Risk
18255.0,88,1,103.3,Low Value,Medium Risk
18256.0,354,1,-50.1,Low Value,High Risk
18257.0,38,12,2265.38,High Value,Medium Risk
18259.0,24,3,2338.6000000000004,High Value,Low Risk
18260.0,172,8,2580.15,High Value,High Risk
18261.0,42,2,324.24,Low Value,Medium Risk
18262.0,139,1,149.48,Low Value,High Risk
18263.0,22,4,1211.08,High Value,Low Risk
18265.0,71,2,801.51,Medium Value,Medium Risk
18268.0,133,2,0.0,Low Value,High Risk
18269.0,357,2,138.9,Low Value,High Risk
18270.0,37,3,238.95000000000002,Low Value,Medium Risk
18272.0,2,7,3064.78,High Value,Low Risk
18273.0,1,3,204.0,Low Value,Low Risk
18274.0,17,2,1.7763568394002505e-15,Low Value,Low Risk
18276.0,20,3,323.36,Low Value,Low Risk
18277.0,57,2,97.63,Low Value,Medium Risk
18278.0,73,1,173.9,Low Value,Medium Risk
18280.0,277,1,180.60000000000002,Low Value,High Risk
18281.0,180,1,80.82,Low Value,High Risk
18282.0,7,3,176.6,Low Value,Low Risk
18283.0,3,16,2045.53,High Value,Low Risk
18287.0,42,3,1837.28,High Value,Medium Risk
